Diagonal_eny_002.csv,0.010000,0.000900,0,0,0,0,0,0,0,0,0,0,0,0,0,0,0,0,0,0,0,0,0,0,0,0,0,0,0,0,0,0,1,0,0,0,0,0,0,0,1,0,0,0,0,0,0,0,0,0,0,0,0,0,0,0,0,0,0,0,0,0,0,0,0,0,0,0,0,0,0,0,0,0,0,0,0,0,0,0,0,0,0,0,0,0,0,0,0,0,0,0,0,0,0,0,0,0,0,0,0,0,0,0,0,0,1,0,0,0,0,0,0,0,0,0,0,0,0,0,0,0,0,0,0,0,0,0,0,0,0,0,0,0,0,0,0,0,0,0,0,0,0,0,0,0,0,0,0,0,0,0,0,0,0,0,0,0,0,0,0,0,0,0,0,0,0,0,0,0,0,0,0,0,0,0,0,0,0,0,0,0,0,0,0,0,0,0,0,0,0,0,0,0,0,0,0,0,0,0,0,0
Diagonal_eny_002.csv,0.010000,0.001000,0,0,0,0,0,0,0,0,0,0,0,0,0,0,0,0,0,0,0,0,0,0,0,0,0,0,0,0,0,0,1,0,0,0,0,0,0,0,1,0,0,0,0,0,0,0,0,0,0,0,0,0,0,0,0,0,0,0,0,0,0,0,0,0,0,0,0,0,0,0,0,0,0,0,0,0,0,0,0,0,0,0,0,0,0,0,0,0,0,0,8,0,0,0,0,0,0,0,0,0,0,0,0,0,2,0,0,0,0,0,0,0,0,0,0,0,0,0,0,0,0,1,0,0,0,0,0,0,0,0,0,0,0,0,0,0,0,0,0,0,0,0,0,0,0,0,0,0,0,0,0,0,0,0,0,0,0,0,0,0,0,0,0,0,0,1,0,0,0,0,0,0,0,0,0,0,0,0,0,0,0,0,0,0,0,0,0,0,0,0,0,0,0,0,0,0,0,0,0,0
Diagonal_eny_002.csv,0.010000,0.002000,0,0,0,0,0,0,0,0,0,0,0,0,0,0,2,0,0,0,0,0,0,0,0,0,0,0,1,0,0,0,1,0,0,0,0,0,0,0,1,0,0,0,0,0,0,0,0,1,0,0,3,3,2,0,0,0,0,0,0,0,0,0,1,0,0,0,0,0,0,0,0,0,0,0,0,0,0,0,0,0,0,0,0,0,0,0,0,0,0,0,62,0,0,0,0,0,0,0,0,0,0,0,0,0,2,0,0,3,0,0,0,0,0,0,0,0,0,0,0,0,0,1,0,0,0,0,0,0,0,0,0,0,0,0,0,0,0,0,0,0,0,0,0,0,0,0,0,0,0,0,0,0,0,0,0,0,0,0,0,0,0,0,0,2,0,2,0,0,0,0,0,0,0,0,0,0,0,0,0,0,0,0,0,0,0,0,0,0,0,0,0,0,0,0,0,0,0,0,0,0
Diagonal_eny_002.csv,0.010000,0.003000,0,0,0,0,0,0,0,0,0,0,0,0,0,0,3,0,0,0,0,0,0,0,0,0,0,0,2,0,0,0,3,0,0,0,0,0,0,0,4,1,0,0,0,0,0,0,0,1,0,0,3,4,4,0,0,2,0,0,0,0,0,0,4,0,0,0,0,0,0,0,0,0,0,0,0,0,0,0,0,0,0,0,0,0,0,0,0,2,0,4,110,0,0,0,0,0,0,0,0,0,0,0,0,0,4,0,0,61,0,0,0,0,0,0,0,0,0,0,0,0,0,2,0,0,0,0,0,0,0,0,0,0,0,0,0,0,0,0,0,0,0,0,0,0,0,0,0,0,0,0,0,0,0,0,0,0,0,0,0,0,0,0,0,2,0,5,0,0,0,0,0,0,2,0,0,0,2,0,0,0,0,0,0,1,0,0,0,0,0,0,0,0,0,0,0,0,0,0,0,0
Diagonal_eny_002.csv,0.010000,0.004000,0,0,0,0,0,0,0,0,0,0,0,0,0,0,7,0,0,0,0,0,0,0,0,0,0,0,2,0,0,0,8,0,0,0,0,0,0,0,5,1,0,0,0,0,0,0,0,2,0,0,5,8,5,0,0,5,0,0,0,0,0,0,8,0,0,1,0,0,0,0,0,0,0,0,0,0,0,0,0,0,0,0,0,0,0,0,0,3,0,10,178,0,0,0,0,0,0,0,0,0,0,0,0,0,6,0,0,128,0,0,0,0,0,0,0,0,0,0,0,0,0,2,0,0,0,0,3,0,0,0,0,0,0,0,0,0,0,0,0,0,0,0,0,0,0,0,0,0,0,0,0,0,0,0,0,0,0,0,0,0,0,0,0,2,0,7,0,0,0,0,0,0,3,0,0,0,5,0,0,0,0,0,0,1,0,0,0,0,0,0,0,0,0,0,0,0,0,0,0,0
Diagonal_eny_002.csv,0.010000,0.005000,0,0,0,0,0,0,0,0,0,0,0,0,0,0,16,0,0,0,0,0,0,0,0,0,0,0,3,0,0,0,10,0,0,0,0,0,0,0,5,1,0,0,0,0,0,1,0,2,0,0,7,12,7,0,2,7,0,0,0,1,0,0,15,0,0,1,0,0,0,0,0,0,0,0,0,0,0,0,0,0,0,0,0,0,0,0,0,3,0,13,242,0,0,0,0,0,0,0,0,0,0,0,0,0,9,0,0,194,0,0,0,0,0,0,0,0,0,0,0,0,0,2,0,0,0,0,42,0,0,0,0,0,0,0,0,0,0,0,0,0,0,0,0,0,0,0,0,0,0,0,0,0,0,0,0,0,0,0,1,0,0,0,0,2,0,11,0,0,0,0,0,0,4,0,0,0,9,0,0,0,0,0,0,1,0,0,0,0,0,0,0,0,0,0,0,0,0,0,0,0
Diagonal_eny_002.csv,0.010000,0.006000,0,0,0,0,0,0,0,0,0,0,0,0,0,0,21,0,0,0,0,0,0,0,0,0,0,0,4,0,0,0,14,0,0,0,0,0,0,0,8,2,0,0,0,0,0,1,0,3,0,0,9,15,10,0,5,9,0,0,0,1,0,0,19,0,0,2,0,0,0,0,0,0,0,0,0,0,0,0,0,0,0,0,0,0,0,0,0,5,0,17,305,0,0,0,0,0,0,0,0,0,0,0,0,0,16,0,0,262,0,0,0,0,0,0,0,0,0,0,0,0,0,3,0,0,0,0,107,0,0,0,0,0,0,0,0,0,0,0,0,0,0,0,0,0,0,0,0,0,0,0,0,0,0,0,0,0,0,0,2,0,0,0,0,2,0,15,0,1,0,0,0,0,7,0,0,0,12,1,0,0,0,0,0,1,0,0,0,0,0,0,0,0,0,0,0,0,0,0,0,0
Diagonal_eny_002.csv,0.010000,0.007000,0,0,0,0,0,0,0,0,0,0,0,0,0,0,25,0,0,0,0,0,0,0,0,0,0,0,7,0,0,0,17,0,0,0,0,0,0,0,11,2,0,0,0,0,0,1,0,3,0,0,10,21,13,0,8,14,0,0,0,1,0,0,26,0,0,2,0,0,0,0,0,0,0,0,0,0,0,0,0,0,0,0,0,0,0,0,0,13,0,20,379,0,0,0,0,0,0,0,0,0,0,0,0,0,21,0,0,327,0,0,0,0,0,0,0,0,0,0,0,0,0,4,0,0,0,0,157,0,0,0,0,0,0,0,0,0,0,2,0,0,0,0,0,0,0,0,0,0,0,0,0,0,0,0,0,0,0,0,3,0,0,0,0,4,0,18,0,2,0,0,0,0,9,0,0,0,13,1,0,0,0,0,0,2,0,0,0,0,0,0,0,0,0,0,0,0,0,0,0,0
Diagonal_eny_002.csv,0.010000,0.008000,0,0,0,0,0,0,0,0,1,0,0,0,0,0,37,0,0,0,0,0,0,0,0,0,0,0,8,0,0,0,21,0,0,0,0,0,0,0,16,3,0,0,0,0,0,1,0,5,1,0,14,27,15,0,9,19,0,0,0,1,0,0,32,0,0,2,0,0,0,0,0,0,0,0,0,0,0,0,0,0,0,0,0,0,1,0,0,16,0,30,436,0,0,0,0,0,0,0,0,0,0,0,0,0,27,0,0,408,0,0,0,0,0,0,0,0,0,0,0,0,0,6,0,0,0,0,197,0,0,0,0,0,0,0,0,0,0,3,0,0,0,0,0,0,0,0,0,0,0,0,0,0,0,0,0,0,0,0,3,0,0,0,0,4,0,23,0,3,0,0,0,0,11,0,0,0,19,1,0,0,0,0,0,2,0,0,0,0,0,0,0,0,0,0,0,0,0,0,0,0
Diagonal_eny_002.csv,0.010000,0.009000,0,0,0,0,0,0,0,0,1,0,0,0,0,0,47,0,0,0,0,0,0,0,0,0,0,0,9,0,0,0,26,0,0,0,0,0,0,0,18,3,0,0,0,1,0,1,0,6,1,0,18,33,17,0,11,21,0,0,0,2,0,0,38,0,0,5,0,0,0,0,0,0,0,0,0,0,0,0,0,0,0,0,0,0,1,0,0,19,0,34,506,0,0,0,0,0,0,0,0,0,0,0,0,0,31,0,0,479,0,0,0,0,0,0,0,0,0,0,0,0,0,6,0,0,0,0,232,0,0,0,0,0,0,0,0,0,0,3,0,0,0,0,0,0,0,0,0,0,0,0,0,0,0,0,0,0,0,0,4,0,0,0,0,7,0,31,0,3,0,0,0,0,16,0,0,0,24,1,0,0,0,0,0,2,0,0,0,0,0,0,0,0,0,0,0,0,0,0,0,0
Diagonal_eny_002.csv,0.020000,0.000900,0,0,0,0,0,0,0,0,0,0,0,0,0,0,0,0,0,0,0,0,0,0,0,0,0,0,0,0,0,0,0,0,0,0,0,0,0,0,1,0,0,0,0,0,0,0,0,0,0,0,0,1,0,0,1,2,0,0,0,1,0,0,0,0,0,0,0,0,0,0,0,0,0,0,0,0,0,0,0,0,0,0,0,0,0,0,0,0,0,1,0,0,0,0,0,0,0,0,0,0,0,0,0,0,1,0,0,2,0,0,0,0,0,0,0,0,0,0,0,0,0,0,0,0,0,0,1,0,0,0,0,0,0,0,0,0,0,0,0,0,0,0,0,0,0,0,0,0,0,0,0,0,0,0,0,0,0,0,0,0,0,0,0,0,0,3,0,0,0,0,0,0,0,0,0,0,1,0,0,0,0,0,0,0,0,0,0,0,0,0,0,0,0,0,0,0,0,0,0,0
Diagonal_eny_002.csv,0.020000,0.001000,0,0,0,0,0,0,0,0,0,0,0,0,0,0,0,0,0,0,0,0,0,0,0,0,0,0,0,0,0,0,1,0,0,0,0,0,0,0,1,0,0,0,0,0,0,0,0,0,0,0,0,1,0,0,1,2,0,0,0,1,0,0,1,0,0,0,0,0,0,0,0,0,0,0,0,0,0,0,0,0,0,0,0,0,0,0,0,0,0,1,10,0,0,0,0,0,0,0,0,0,0,0,0,0,1,0,0,2,0,0,0,0,0,0,0,0,0,0,0,0,0,0,0,0,0,0,1,0,0,0,0,0,0,0,0,0,0,0,0,0,0,0,0,0,0,0,0,0,0,0,0,0,0,0,0,0,0,0,0,0,0,0,0,0,0,3,0,0,0,0,0,0,0,0,0,0,1,0,0,0,0,0,0,0,0,0,0,0,0,0,0,0,0,0,0,0,0,0,0,0
Diagonal_eny_002.csv,0.020000,0.002000,0,0,0,0,0,0,0,0,0,0,0,0,0,0,3,0,0,0,0,0,0,0,0,0,0,0,0,0,0,0,7,0,0,0,0,0,0,0,3,0,0,0,0,0,0,1,0,1,0,0,0,2,1,0,3,3,0,0,0,1,0,0,3,0,0,0,0,0,0,0,0,0,0,0,0,0,0,0,0,0,0,0,0,0,0,0,0,1,0,1,111,0,0,0,0,0,0,0,0,0,0,0,0,0,3,0,0,8,0,0,0,0,0,0,0,0,0,0,0,0,0,0,0,0,0,0,2,0,0,0,0,0,0,0,0,0,0,0,0,0,0,0,0,0,0,0,0,0,0,0,0,0,0,0,0,0,0,0,0,0,0,0,1,0,0,4,0,0,0,0,0,0,1,0,0,0,2,1,0,0,0,0,0,0,0,0,0,0,0,0,0,0,0,0,0,0,0,0,0,0
Diagonal_eny_002.csv,0.020000,0.003000,0,0,0,0,0,0,0,0,0,0,0,0,0,0,10,0,0,0,0,0,0,0,0,0,0,0,1,0,0,0,9,0,0,0,0,0,0,0,7,1,0,0,0,0,0,1,0,2,0,0,3,5,5,0,7,5,0,0,0,2,0,0,7,0,0,1,0,0,0,0,0,0,0,0,0,0,0,0,0,0,0,0,0,0,1,0,0,1,0,5,242,0,0,0,0,0,0,0,0,0,0,0,0,0,7,0,0,117,0,0,0,0,0,0,0,0,0,0,0,0,0,2,0,0,0,0,4,0,0,0,0,0,0,0,0,0,0,0,0,0,0,0,0,0,0,0,0,0,0,0,0,0,0,0,0,0,0,0,1,0,0,0,2,2,0,8,0,0,0,0,0,0,3,0,0,0,3,1,0,0,0,0,0,1,0,0,0,0,0,0,0,0,0,0,0,0,0,0,0,0
Diagonal_eny_002.csv,0.020000,0.004000,0,0,0,0,0,0,0,0,0,0,0,0,0,0,19,0,0,0,0,0,0,0,0,0,0,0,1,0,0,0,13,0,0,0,0,0,0,0,8,2,0,0,0,0,0,1,0,4,0,0,9,7,7,0,9,8,0,0,0,2,0,0,12,0,0,1,0,0,0,0,0,0,0,0,0,0,0,0,0,0,0,0,0,0,1,0,0,6,0,12,375,0,0,0,0,0,0,0,0,0,0,0,0,0,10,0,0,245,0,0,0,0,0,0,0,0,0,0,0,0,0,3,0,0,0,0,6,0,0,0,0,0,0,0,0,0,0,2,0,0,0,0,0,0,0,0,0,0,0,0,0,0,0,0,0,0,0,0,2,0,0,0,2,5,0,15,0,0,0,0,0,0,6,0,0,0,6,1,0,0,0,0,0,1,0,0,0,0,0,0,0,0,0,0,0,0,0,0,0,0
Diagonal_eny_002.csv,0.020000,0.005000,0,0,0,0,0,0,0,0,0,0,0,0,0,0,28,0,0,0,0,0,0,0,0,0,0,0,5,0,0,0,17,0,0,0,0,0,0,0,13,3,0,0,0,0,0,2,0,5,0,0,12,14,7,0,15,12,0,0,0,3,0,0,28,0,0,2,0,0,0,0,0,0,0,0,0,0,0,0,0,0,0,0,0,0,1,0,0,13,0,22,501,0,0,0,0,0,0,0,0,0,0,0,0,0,14,0,0,374,0,0,0,0,0,0,0,0,0,0,0,0,0,4,0,0,0,0,92,0,0,0,0,0,0,0,0,0,0,3,0,0,0,0,0,0,0,0,0,0,0,0,0,0,0,0,0,0,0,0,2,0,0,0,2,9,0,23,0,0,0,0,0,0,11,0,0,0,11,1,0,0,0,0,0,1,0,0,0,0,0,0,0,0,0,0,0,0,0,0,0,0
Diagonal_eny_002.csv,0.020000,0.006000,0,0,0,0,0,0,0,0,1,0,0,0,0,0,32,0,0,0,0,0,0,0,0,0,0,0,5,0,0,0,25,0,0,0,0,0,0,0,21,4,0,0,0,0,0,2,0,10,1,0,18,19,12,0,22,20,0,0,0,6,0,0,37,0,0,2,0,0,0,0,0,0,0,0,0,0,0,0,0,0,0,0,0,0,1,0,0,19,0,34,622,0,0,0,0,0,0,0,0,0,0,0,0,0,23,0,0,507,0,0,0,0,0,0,0,0,0,0,0,0,0,4,0,0,0,0,202,0,0,0,0,0,0,0,0,0,0,3,0,0,0,0,0,0,0,0,0,0,0,0,0,0,0,0,0,0,0,0,2,0,0,0,2,10,0,28,0,1,0,0,0,0,20,0,0,0,18,1,0,0,0,0,0,1,0,0,0,0,0,0,0,0,0,0,0,0,0,0,0,0
Diagonal_eny_002.csv,0.020000,0.007000,0,0,0,0,0,0,0,0,1,0,0,0,0,0,38,0,0,0,0,0,0,0,0,0,0,0,7,0,0,0,35,0,0,0,0,0,0,0,29,4,0,0,0,0,0,3,0,12,1,0,25,26,19,0,29,30,0,0,0,6,0,0,50,0,0,4,0,0,0,0,0,0,0,0,0,0,0,0,0,0,0,0,0,0,2,0,0,26,0,43,741,0,0,0,0,0,0,0,0,0,0,0,0,0,32,0,0,637,0,0,0,0,0,0,0,0,0,0,0,0,0,7,0,0,0,0,322,0,0,0,0,0,0,0,0,0,0,3,0,0,0,0,0,0,0,0,0,0,0,0,0,0,0,0,0,0,0,0,4,0,0,0,2,10,0,40,0,1,0,0,0,0,26,0,0,0,28,1,0,0,0,0,0,1,0,0,0,0,0,0,0,0,0,0,0,0,0,0,0,0
Diagonal_eny_002.csv,0.020000,0.008000,0,0,0,0,0,0,0,0,2,0,0,0,0,0,53,0,0,0,0,0,0,0,0,0,0,0,9,0,0,0,45,0,0,0,0,0,0,0,35,4,0,0,0,0,0,3,0,13,1,0,29,38,25,0,33,42,0,0,0,7,0,0,58,0,0,4,0,0,0,0,0,0,0,0,0,0,0,0,0,0,0,0,0,0,2,0,0,35,0,48,865,0,0,0,0,0,0,0,0,0,0,0,0,0,39,0,0,779,0,0,0,0,0,0,0,0,0,0,0,0,0,7,0,0,0,0,452,0,0,0,0,0,0,0,0,0,0,3,0,0,0,0,0,0,0,0,0,0,0,0,0,0,0,0,0,0,0,0,5,0,0,0,2,10,0,56,0,4,0,0,0,0,31,0,0,0,43,1,0,0,0,0,0,1,0,0,0,0,0,0,0,0,0,0,0,0,0,0,0,0
Diagonal_eny_002.csv,0.020000,0.009000,0,0,0,0,0,0,0,0,2,0,0,0,0,0,63,0,0,0,0,0,0,0,0,0,0,0,11,0,0,0,51,0,0,0,0,0,0,0,42,5,0,0,0,0,0,4,0,15,3,0,36,43,31,0,47,51,0,0,0,9,0,0,70,0,0,4,0,0,0,0,0,0,0,0,0,0,0,0,0,0,0,0,0,0,2,0,0,41,0,55,990,0,0,0,0,0,0,0,0,0,0,0,0,0,44,0,0,902,0,0,0,0,0,0,0,0,0,0,0,0,0,11,0,0,0,0,531,0,0,0,0,0,0,0,0,0,0,4,0,0,0,0,0,0,0,0,0,0,0,0,0,0,0,0,0,0,0,0,8,0,0,0,2,15,0,66,0,9,0,0,0,0,40,0,0,0,56,1,0,0,0,0,0,2,0,0,0,0,0,0,0,0,0,0,0,0,0,0,0,0
Diagonal_eny_002.csv,0.030000,0.000900,0,0,0,0,0,0,0,0,0,0,0,0,0,0,0,0,0,0,0,0,0,0,0,0,0,0,1,0,0,0,0,0,0,0,0,0,0,0,1,0,0,0,0,0,0,0,0,1,0,0,1,2,0,0,1,0,0,0,0,0,0,0,3,0,0,0,0,0,0,0,0,0,0,0,0,0,0,0,0,0,0,0,0,0,0,0,0,0,0,1,3,0,0,0,0,0,0,0,0,0,0,0,0,0,1,0,0,1,0,0,0,0,0,0,0,0,0,0,0,0,0,0,0,0,0,0,0,0,0,0,0,0,0,0,0,0,0,0,0,0,0,0,0,0,0,0,0,0,0,0,0,0,0,0,1,0,0,0,0,0,0,0,0,1,0,1,0,0,0,0,0,0,0,0,0,0,2,0,0,0,0,0,0,0,0,0,0,0,0,0,0,0,0,0,0,0,0,0,0,0
Diagonal_eny_002.csv,0.030000,0.001000,0,0,0,0,0,0,0,0,0,0,0,0,0,0,1,0,0,0,0,0,0,0,0,0,0,0,1,0,0,0,0,0,0,0,0,0,0,0,1,0,0,0,0,0,0,0,0,1,0,0,2,2,0,0,1,1,0,0,0,0,0,0,3,0,0,0,0,0,0,0,0,0,0,0,0,0,0,0,0,0,0,0,0,0,0,0,0,0,0,1,13,0,0,0,0,0,0,0,0,0,0,0,0,0,2,0,0,2,0,0,0,0,0,0,0,0,0,0,0,0,0,0,0,0,0,0,0,0,0,0,0,0,0,0,0,0,0,0,0,0,0,0,0,0,0,0,0,0,0,0,0,0,0,0,1,0,0,0,0,0,0,0,0,1,0,1,0,0,0,0,0,0,0,0,0,0,2,0,0,0,0,0,0,0,0,0,0,0,0,0,0,0,0,0,0,0,0,0,0,0
Diagonal_eny_002.csv,0.030000,0.002000,0,0,0,0,0,0,0,0,0,0,0,0,0,0,1,0,0,0,0,0,0,0,0,0,0,0,3,0,0,0,4,0,0,0,0,0,0,0,1,0,0,0,0,0,0,0,0,1,0,0,4,7,0,0,2,3,0,0,0,0,0,0,8,0,0,0,0,0,0,0,0,0,0,0,0,0,0,0,0,0,0,0,0,0,0,0,0,2,0,5,211,0,0,0,0,0,0,0,0,0,0,0,0,0,3,0,0,6,0,0,0,0,0,0,0,0,0,0,0,0,0,2,0,0,0,0,1,0,0,0,0,0,0,0,0,0,0,0,0,0,0,0,0,0,0,0,0,0,0,0,0,0,0,0,1,0,0,0,0,0,0,0,0,2,0,7,0,1,0,0,0,0,2,0,0,0,3,0,0,0,0,0,0,0,0,0,0,0,0,0,0,0,0,0,0,0,0,0,0,0
Diagonal_eny_002.csv,0.030000,0.003000,0,0,0,0,0,0,0,0,0,0,0,0,0,0,7,0,0,0,0,0,0,0,0,0,0,0,4,0,0,0,8,0,0,0,0,0,0,0,3,0,0,0,0,0,0,1,0,2,1,0,7,17,0,0,4,8,0,0,0,0,0,1,17,0,0,0,0,0,0,0,0,0,0,0,0,0,0,0,0,0,0,0,0,0,0,0,0,3,0,6,388,0,0,0,0,0,0,0,0,0,0,0,0,0,9,0,0,163,0,0,0,0,0,0,0,0,0,0,0,0,0,5,0,0,0,0,2,0,0,0,0,0,0,0,0,0,0,1,0,0,0,0,0,0,0,0,0,0,0,0,0,0,0,0,1,0,0,0,0,0,0,0,0,5,0,15,0,3,0,0,0,0,3,0,0,0,8,0,0,0,0,0,0,1,0,0,0,0,0,0,0,0,0,0,0,0,0,0,0,0
Diagonal_eny_002.csv,0.030000,0.004000,0,0,0,0,0,0,0,0,0,0,0,0,0,0,14,0,0,0,0,0,0,0,0,0,0,0,5,0,0,0,18,0,0,0,0,0,0,0,11,0,0,0,0,0,0,3,0,4,2,0,11,26,0,0,8,12,0,0,0,1,0,1,27,0,0,2,0,0,0,0,0,0,0,0,0,0,0,0,0,0,0,0,0,0,0,0,0,10,0,12,574,0,0,0,0,0,0,0,0,0,0,0,0,0,14,0,0,376,0,0,0,0,0,0,0,0,0,0,0,0,0,6,0,0,0,0,6,0,0,0,0,0,0,0,0,0,0,2,0,0,0,0,0,0,0,0,0,0,0,0,0,0,0,0,1,0,0,0,0,0,0,0,0,7,0,27,0,6,0,0,0,0,8,0,0,0,12,0,0,0,0,0,0,1,0,0,0,0,0,0,0,0,0,0,0,0,0,0,0,0
Diagonal_eny_002.csv,0.030000,0.005000,0,0,0,0,0,0,0,0,1,0,0,0,0,0,25,0,0,0,0,0,0,0,0,0,0,0,7,0,0,0,30,0,0,0,0,0,0,0,15,1,0,0,0,0,0,4,0,5,3,0,14,36,2,0,20,18,0,0,0,1,0,1,40,0,0,2,0,0,0,0,0,0,0,0,0,0,0,0,0,0,0,0,0,0,0,0,0,19,0,19,759,0,0,0,0,0,0,0,0,0,0,0,0,0,23,0,0,567,0,0,0,0,0,0,0,0,0,0,0,0,0,7,0,0,0,0,133,0,0,0,0,0,0,0,0,0,0,3,0,0,0,0,0,0,0,0,0,0,0,0,0,0,0,0,1,0,0,0,6,0,0,0,0,9,0,36,0,11,0,0,0,0,14,0,0,0,23,0,0,0,0,0,0,1,0,0,0,0,0,0,0,0,0,0,0,0,0,0,0,0
Diagonal_eny_002.csv,0.030000,0.006000,0,0,0,0,0,0,0,0,1,0,0,0,0,0,40,0,0,0,0,0,0,0,0,0,0,0,10,0,0,0,39,0,0,0,0,0,0,0,28,1,0,0,0,0,0,6,0,10,3,0,30,51,4,0,24,25,0,0,0,1,0,1,47,0,0,3,0,0,0,0,0,0,0,0,0,0,0,0,0,0,0,0,0,0,0,0,0,27,0,27,944,0,0,0,0,0,0,0,0,0,0,0,0,0,36,0,0,767,0,0,0,0,0,0,0,0,0,0,0,0,0,10,0,0,0,0,305,0,0,0,0,0,0,0,0,0,0,3,0,0,0,0,0,0,0,0,0,0,0,0,0,0,0,0,1,0,0,0,7,0,0,0,0,12,0,49,0,15,0,0,0,0,25,0,0,0,29,0,0,0,0,0,0,3,0,0,0,0,0,0,0,0,0,0,0,0,0,0,0,0
Diagonal_eny_002.csv,0.030000,0.007000,0,0,0,0,0,0,0,0,2,0,0,0,0,0,48,0,0,0,0,0,0,0,0,0,0,0,13,0,0,0,49,0,0,0,0,0,0,0,40,1,0,0,0,0,0,7,0,15,5,0,42,67,10,0,31,34,0,0,0,2,0,2,59,0,0,4,0,0,0,0,0,0,0,0,0,0,0,0,0,0,0,0,0,0,0,0,0,45,0,40,1133,0,0,0,0,0,0,0,0,0,0,0,0,0,41,0,0,967,0,0,0,0,0,0,0,0,0,0,0,0,0,15,0,0,0,0,471,0,0,0,0,0,0,0,0,0,0,3,0,0,0,0,0,0,0,0,0,0,0,0,0,0,0,0,1,0,0,0,11,0,0,0,0,16,0,72,0,16,0,0,0,0,37,0,0,0,37,0,0,0,0,0,0,3,0,0,0,0,0,0,0,0,0,0,0,0,0,0,0,0
Diagonal_eny_002.csv,0.030000,0.008000,0,0,0,0,0,0,0,0,2,0,0,0,0,0,64,0,0,0,0,0,0,0,0,0,0,0,17,0,0,0,64,0,0,0,0,0,0,0,52,2,0,0,0,0,0,7,0,19,5,0,52,80,17,0,44,43,0,0,0,4,0,2,79,0,0,6,0,0,0,0,0,0,0,0,0,0,0,0,0,0,0,0,0,0,2,0,0,64,0,59,1323,0,0,0,0,0,0,0,0,0,0,0,0,0,58,0,0,1168,0,0,0,0,0,0,0,0,0,0,0,0,0,22,0,0,0,0,651,0,0,0,0,0,0,0,0,0,0,3,0,0,0,0,0,0,0,0,0,0,0,0,0,0,0,0,2,0,0,0,13,0,0,0,2,21,0,83,0,18,0,0,0,0,53,0,0,0,57,0,0,0,0,0,0,3,0,0,0,0,0,0,0,0,0,0,0,0,0,0,0,0
Diagonal_eny_002.csv,0.030000,0.009000,0,0,0,0,0,0,0,0,3,0,0,0,0,0,84,0,0,0,0,0,0,0,0,0,0,0,18,0,0,0,82,0,0,0,0,0,0,0,66,3,0,0,0,0,0,7,0,24,9,0,62,90,24,0,55,50,0,0,0,5,0,3,99,0,0,7,0,0,0,0,0,0,0,0,0,0,0,0,0,0,0,0,0,0,2,0,0,79,0,71,1530,0,0,0,0,0,0,0,0,0,0,0,0,0,77,0,0,1385,0,0,0,0,0,0,0,0,0,0,0,0,0,28,0,0,0,0,753,0,0,0,0,0,0,0,0,0,0,5,0,0,0,0,0,0,0,0,0,0,0,0,0,0,0,0,3,0,0,0,14,0,0,0,2,27,0,99,0,20,0,0,0,0,67,0,0,0,75,0,0,0,0,0,0,3,0,0,0,0,0,0,0,0,0,0,0,0,0,0,0,0
Diagonal_eny_002.csv,0.040000,0.000900,0,0,0,0,0,0,0,0,0,0,0,0,0,0,0,0,0,0,0,0,0,0,0,0,0,0,0,0,0,0,0,0,0,0,0,0,0,0,2,0,0,0,0,0,0,0,0,1,0,0,0,2,1,0,1,1,0,0,0,0,0,0,2,0,0,1,0,0,0,0,0,0,0,0,0,0,0,0,0,0,0,0,0,0,0,0,0,0,0,0,1,0,0,0,0,0,0,0,0,0,0,0,0,0,2,0,0,3,0,0,0,0,0,0,0,0,0,0,0,0,0,0,0,0,0,0,1,0,0,0,0,0,0,0,0,0,0,0,0,0,0,0,0,0,0,0,0,0,0,0,0,0,0,0,0,0,0,0,0,0,0,0,0,0,0,0,0,0,0,0,0,0,1,0,0,0,0,0,0,0,0,0,0,0,0,0,0,0,0,0,0,0,0,0,0,0,0,0,0,0
Diagonal_eny_002.csv,0.040000,0.001000,0,0,0,0,0,0,0,0,0,0,0,0,0,0,0,0,0,0,0,0,0,0,0,0,0,0,1,0,0,0,1,0,0,0,0,0,0,0,2,0,0,0,0,0,0,0,0,1,0,0,2,2,1,0,1,1,0,0,0,0,0,0,2,0,0,1,0,0,0,0,0,0,0,0,0,0,0,0,0,0,0,0,0,0,0,0,0,0,0,0,15,0,0,0,0,0,0,0,0,0,0,0,0,0,4,0,0,3,0,0,0,0,0,0,0,0,0,0,0,0,0,0,0,0,0,0,1,0,0,0,0,0,0,0,0,0,0,0,0,0,0,0,0,0,0,0,0,0,0,0,0,0,0,0,0,0,0,0,0,0,0,0,0,0,0,0,0,0,0,0,0,0,1,0,0,0,0,0,0,0,0,0,0,0,0,0,0,0,0,0,0,0,0,0,0,0,0,0,0,0
Diagonal_eny_002.csv,0.040000,0.002000,0,0,0,0,0,0,0,0,1,0,0,0,0,0,9,0,0,0,0,0,0,0,0,0,0,0,1,0,0,0,3,0,0,0,0,0,0,0,6,0,0,0,0,0,0,0,0,3,2,0,4,6,2,0,2,1,0,0,0,0,0,0,6,0,0,1,0,0,0,0,0,0,0,0,0,0,0,0,0,0,0,0,0,0,0,0,0,6,0,4,273,0,0,0,0,0,0,0,0,0,0,0,0,0,6,0,0,10,0,0,0,0,0,0,0,0,0,0,0,0,0,2,0,0,0,0,1,0,0,0,0,0,0,0,0,0,0,0,0,0,0,0,0,0,0,0,0,0,0,0,0,0,0,0,0,0,0,0,0,0,0,0,0,3,0,4,0,0,0,0,0,0,3,0,0,0,2,0,0,0,0,0,0,1,0,0,0,0,0,0,0,0,0,0,0,0,0,0,0,0
Diagonal_eny_002.csv,0.040000,0.003000,0,0,0,0,0,0,0,0,1,0,0,0,0,0,20,0,0,0,0,0,0,0,0,0,0,0,1,0,0,0,10,0,0,0,0,0,0,0,8,0,0,0,0,0,0,0,0,4,3,0,9,12,5,0,6,3,0,0,0,0,0,0,12,0,0,2,0,0,0,0,0,0,0,0,0,0,0,0,0,0,0,0,0,0,0,0,0,10,0,15,490,0,0,0,0,0,0,0,0,0,0,0,0,0,12,0,0,215,0,0,0,0,0,0,0,0,0,0,0,0,0,5,0,0,0,0,5,0,0,0,0,0,0,0,0,0,0,0,0,0,0,0,0,0,0,0,0,0,0,0,0,0,0,0,0,0,0,0,2,0,0,0,0,4,0,15,0,3,0,0,0,0,7,0,0,0,11,0,0,0,0,0,0,1,0,0,0,0,0,0,0,0,0,0,0,0,0,0,0,0
Diagonal_eny_002.csv,0.040000,0.004000,0,0,0,0,0,0,0,0,1,0,0,0,0,0,34,0,0,0,0,0,0,0,0,0,0,0,3,0,0,0,28,0,0,0,0,0,0,0,10,0,0,0,0,0,0,0,0,6,3,0,18,23,11,0,17,11,0,0,0,0,0,0,28,0,0,2,0,0,0,0,0,0,0,0,0,0,0,0,0,0,0,0,0,0,2,0,0,14,0,22,716,0,0,0,0,0,0,0,0,0,0,0,0,0,28,0,0,481,0,0,0,0,0,0,0,0,0,0,0,0,0,9,0,0,0,0,8,0,0,0,0,0,0,0,0,0,0,0,0,0,0,0,0,0,0,0,0,0,0,0,0,0,0,0,0,0,0,0,5,0,0,0,0,6,0,23,0,7,0,0,0,0,16,0,0,0,18,0,0,0,0,0,0,1,0,0,0,0,0,0,0,0,0,0,0,0,0,0,0,0
Diagonal_eny_002.csv,0.040000,0.005000,0,0,0,0,0,0,0,0,1,0,0,0,0,0,50,0,0,0,0,0,0,0,0,0,0,0,6,0,0,0,45,0,0,0,0,0,0,0,16,1,0,0,0,0,0,0,0,11,3,0,30,38,20,0,23,14,0,0,0,0,0,0,37,0,0,3,0,0,0,0,0,0,0,0,0,0,0,0,0,0,0,0,0,0,3,0,0,24,0,30,953,0,0,0,0,0,0,0,0,0,0,0,0,0,47,0,0,712,0,0,0,0,0,0,0,0,0,0,0,0,0,11,0,0,0,0,193,0,0,0,0,0,0,0,0,0,0,0,0,0,0,0,0,0,0,0,0,0,0,0,0,0,0,0,0,0,0,0,9,0,0,0,0,10,0,38,0,10,0,0,0,0,26,0,0,0,29,0,0,0,0,0,0,1,0,0,0,0,0,0,0,0,0,0,0,0,0,0,0,0
Diagonal_eny_002.csv,0.040000,0.006000,0,0,0,0,0,0,0,0,3,0,0,0,0,0,69,0,0,0,0,0,0,0,0,0,0,0,7,0,0,0,61,0,0,0,0,0,0,0,27,4,0,0,0,0,0,0,0,13,3,0,38,51,27,0,32,28,0,0,0,0,0,1,55,0,0,6,0,0,0,0,0,0,0,0,0,0,0,0,0,0,0,0,0,0,4,0,0,39,0,46,1207,0,0,0,0,0,0,0,0,0,0,0,0,0,58,0,0,988,0,0,0,0,0,0,0,0,0,0,0,0,0,20,0,0,0,0,470,0,0,0,0,0,0,0,0,0,0,1,0,0,0,0,0,0,0,0,0,0,0,0,0,0,0,0,0,0,0,0,12,0,0,0,0,13,0,51,0,13,0,0,0,0,38,0,0,0,38,0,0,0,0,0,0,2,0,0,0,0,0,0,0,0,0,0,0,0,0,0,0,0
Diagonal_eny_002.csv,0.040000,0.007000,0,0,0,0,0,0,0,0,4,0,0,0,0,0,84,0,0,0,0,0,0,0,0,0,0,0,10,0,0,0,79,0,0,0,0,0,0,0,38,5,0,0,0,0,0,2,0,14,4,0,50,67,34,0,44,42,0,0,0,0,0,2,75,0,0,6,0,0,0,0,0,0,0,0,0,0,0,0,0,0,0,0,0,0,6,0,0,48,0,67,1476,0,0,0,0,0,0,0,0,0,0,0,0,0,77,0,0,1236,0,0,0,0,0,0,0,0,0,0,0,0,0,22,0,0,0,0,738,0,0,0,0,0,0,0,0,0,0,2,0,0,0,0,0,0,0,0,0,0,0,0,0,0,0,0,0,0,0,0,13,0,0,0,0,16,0,76,0,16,0,0,0,0,52,0,0,0,53,0,0,0,0,0,0,3,0,0,0,0,0,0,0,0,0,0,0,0,0,0,0,0
Diagonal_eny_002.csv,0.040000,0.008000,0,0,0,0,0,0,0,0,4,0,0,0,0,0,104,0,0,0,0,0,0,0,0,0,0,0,17,0,0,0,100,0,0,0,0,0,0,0,53,6,0,0,0,0,0,2,0,22,7,0,60,91,42,0,59,59,0,0,0,3,0,3,96,0,0,9,0,0,0,0,0,0,0,0,0,0,0,0,0,0,0,0,0,0,6,0,0,64,0,93,1748,0,0,0,0,0,0,0,0,0,0,0,0,0,99,0,0,1516,0,0,0,0,0,0,0,0,0,0,0,0,0,25,0,0,0,0,983,0,0,0,0,0,0,0,0,0,0,3,0,0,0,0,0,0,0,0,0,0,0,0,0,0,0,0,0,0,0,0,13,0,0,0,0,23,0,101,0,20,0,0,0,0,65,0,0,0,72,0,0,0,0,0,0,4,0,0,0,0,0,0,0,0,0,0,0,0,0,0,0,0
Diagonal_eny_002.csv,0.040000,0.009000,0,0,0,0,0,0,0,0,5,0,0,0,0,0,138,0,0,0,0,0,0,0,0,0,0,0,22,0,0,0,138,0,0,0,0,0,0,0,72,6,0,0,0,0,0,4,0,29,10,0,85,114,50,0,79,71,0,0,0,7,0,6,126,0,0,12,0,0,0,0,0,0,0,0,0,0,0,0,0,0,0,0,0,0,6,0,0,85,0,109,2023,0,0,0,0,0,0,0,0,0,0,0,0,0,134,0,0,1788,0,0,0,0,0,0,0,0,0,0,0,0,0,34,0,0,0,0,1099,0,0,0,0,0,0,0,0,0,0,4,0,0,0,0,0,0,0,0,0,0,0,0,0,0,0,0,0,0,0,0,19,0,0,0,0,26,0,126,0,27,0,0,0,0,85,0,0,0,89,0,0,0,0,2,0,5,0,0,0,0,0,0,0,0,0,0,0,0,0,0,0,0
Diagonal_eny_002.csv,0.050000,0.000900,0,0,0,0,0,0,0,0,0,0,0,0,0,0,1,0,0,0,0,0,0,0,0,0,0,0,0,0,0,0,2,0,0,0,0,0,0,0,4,0,0,0,0,0,0,0,0,0,0,0,1,0,0,0,3,0,0,0,0,0,0,0,2,0,0,1,0,0,0,0,0,0,0,0,0,0,0,0,0,0,0,0,0,0,0,0,0,0,0,2,3,0,0,0,0,0,0,0,0,0,0,0,0,0,1,0,0,3,0,0,0,0,0,0,0,0,0,0,0,0,0,1,0,0,0,0,0,0,0,0,0,0,0,0,0,0,0,0,0,0,0,0,0,0,0,0,0,0,0,0,0,0,0,0,0,0,0,0,0,0,0,0,0,0,0,4,0,0,0,0,0,0,0,0,0,0,0,0,0,0,0,0,0,0,0,0,0,0,0,0,0,0,0,0,0,0,0,0,0,0
Diagonal_eny_002.csv,0.050000,0.001000,0,0,0,0,0,0,0,0,0,0,0,0,0,0,1,0,0,0,0,0,0,0,0,0,0,0,0,0,0,0,3,0,0,0,0,0,0,0,4,0,0,0,0,0,0,0,0,0,1,0,2,0,0,0,3,0,0,0,0,0,0,0,4,0,0,1,0,0,0,0,0,0,0,0,0,0,0,0,0,0,0,0,0,0,0,0,0,0,0,5,21,0,0,0,0,0,0,0,0,0,0,0,0,0,1,0,0,6,0,0,0,0,0,0,0,0,0,0,0,0,0,1,0,0,0,0,0,0,0,0,0,0,0,0,0,0,0,0,0,0,0,0,0,0,0,0,0,0,0,0,0,0,0,0,0,0,0,0,0,0,0,0,0,0,0,4,0,0,0,0,0,0,1,0,0,0,0,0,0,0,0,0,0,0,0,0,0,0,0,0,0,0,0,0,0,0,0,0,0,0
Diagonal_eny_002.csv,0.050000,0.002000,0,0,0,0,0,0,0,0,0,0,0,0,0,0,10,0,0,0,0,0,0,0,0,0,0,0,4,0,0,0,10,0,0,0,0,0,0,0,9,0,0,0,0,0,0,0,0,1,2,0,7,7,2,0,7,3,0,0,0,0,0,0,8,0,0,3,0,0,0,0,0,0,0,0,0,0,0,0,0,0,0,0,0,0,0,0,0,4,0,7,311,0,0,0,0,0,0,0,0,0,0,0,0,0,4,0,0,10,0,0,0,0,0,0,0,0,0,0,0,0,0,5,0,0,0,0,6,0,0,0,0,0,0,0,0,0,0,0,0,0,0,0,0,0,0,0,0,0,0,0,0,0,0,0,0,0,0,0,1,0,0,0,0,0,0,10,0,3,0,0,0,0,6,0,0,0,6,0,0,0,0,0,0,0,0,0,0,0,0,0,0,0,0,0,0,0,0,0,0,0
Diagonal_eny_002.csv,0.050000,0.003000,0,0,0,0,0,0,0,0,0,0,0,0,0,0,22,0,0,0,0,0,0,0,0,0,0,0,5,0,0,0,24,0,0,0,0,0,0,0,17,0,0,0,0,0,0,1,0,2,3,0,14,16,6,0,14,13,0,0,0,0,0,0,19,0,0,3,0,0,0,0,0,0,0,0,0,0,0,0,0,0,0,0,0,0,1,0,0,8,0,16,627,0,0,0,0,0,0,0,0,0,0,0,0,0,9,0,0,254,0,0,0,0,0,0,0,0,0,0,0,0,0,8,0,0,0,0,9,0,0,0,0,0,0,0,0,0,0,0,0,0,0,0,0,0,0,0,0,0,0,0,0,0,0,0,0,0,0,0,2,0,0,0,0,0,0,19,0,4,0,0,0,0,6,0,0,0,10,0,0,0,0,0,0,0,0,0,0,0,0,0,0,0,0,0,0,0,0,0,0,0
Diagonal_eny_002.csv,0.050000,0.004000,0,0,0,0,0,0,0,0,0,0,0,0,0,0,40,0,0,0,0,0,0,0,0,0,0,0,6,0,0,0,33,0,0,0,0,0,0,0,24,0,0,0,0,0,0,1,0,6,4,0,25,34,11,0,23,19,0,0,0,0,0,0,36,0,0,5,0,0,0,0,0,0,0,0,0,0,0,0,0,0,0,0,0,0,1,0,0,16,0,26,913,0,0,0,0,0,0,0,0,0,0,0,0,0,27,0,0,555,0,0,0,0,0,0,0,0,0,0,0,0,0,14,0,0,0,0,15,0,0,0,0,0,0,0,0,0,0,2,0,0,0,0,0,0,0,0,0,0,0,0,0,0,0,0,0,0,0,0,4,0,0,0,0,5,0,31,0,6,0,0,0,0,14,0,0,0,19,0,0,0,0,0,0,1,0,0,0,0,0,0,0,0,0,0,0,0,0,0,0,0
Diagonal_eny_002.csv,0.050000,0.005000,0,0,0,0,0,0,0,0,1,0,0,0,0,0,57,0,0,0,0,0,0,0,0,0,0,0,14,0,0,0,49,0,0,0,0,0,0,0,31,0,0,0,0,0,0,1,0,9,6,0,33,52,16,0,33,31,0,0,0,2,0,0,58,0,0,5,0,0,0,0,0,0,0,0,0,0,0,0,0,0,0,0,0,0,1,0,0,36,0,39,1229,0,0,0,0,0,0,0,0,0,0,0,0,0,39,0,0,901,0,0,0,0,0,0,0,0,0,0,0,0,0,16,0,0,0,0,213,0,0,0,0,0,0,0,0,0,0,2,0,0,0,0,0,0,0,0,0,0,0,0,0,0,0,0,0,0,0,0,10,0,0,0,0,8,0,49,0,11,0,0,0,0,30,0,0,0,34,0,0,0,0,0,0,2,0,0,0,0,0,0,0,0,0,0,0,0,0,0,0,0
Diagonal_eny_002.csv,0.050000,0.006000,0,0,0,0,0,0,0,0,1,0,0,0,0,0,85,0,0,0,0,0,0,0,0,0,0,0,17,0,0,0,69,0,0,0,0,0,0,0,51,0,0,0,0,0,0,2,0,15,7,0,45,69,20,0,48,44,0,0,0,4,0,3,79,0,0,5,0,0,0,0,0,0,0,0,0,0,0,0,0,0,0,0,0,0,1,0,0,57,0,50,1568,0,0,0,0,0,0,0,0,0,0,0,0,0,62,0,0,1205,0,0,0,0,0,0,0,0,0,0,0,0,0,24,0,0,0,0,507,0,0,0,0,0,0,0,0,0,0,3,0,0,0,0,0,0,0,0,0,0,0,0,0,0,0,0,0,0,0,0,11,0,0,0,0,13,0,67,0,16,0,0,0,0,42,0,0,0,50,1,0,0,0,0,0,2,0,0,0,0,0,0,0,0,0,0,0,0,0,0,0,0
Diagonal_eny_002.csv,0.050000,0.007000,0,0,0,0,0,0,0,0,2,0,0,0,0,0,113,0,0,0,0,0,0,0,0,0,0,0,20,0,0,0,94,0,0,0,0,0,0,0,61,2,0,0,0,0,0,5,0,23,7,0,58,96,25,0,70,58,0,0,0,4,0,3,115,0,0,8,0,0,0,0,0,0,0,0,0,0,0,0,0,0,0,0,0,0,4,0,0,68,0,67,1886,0,0,0,0,0,0,0,0,0,0,0,0,0,85,0,0,1537,0,0,0,0,0,0,0,0,0,0,0,0,0,33,0,0,0,0,826,0,0,0,0,0,0,0,0,0,0,3,0,0,0,0,0,0,0,0,0,0,0,0,0,0,0,0,0,0,0,0,20,0,0,0,0,22,0,90,0,23,0,0,0,0,55,0,0,0,73,1,0,0,0,0,0,3,0,0,0,0,0,0,0,0,0,0,0,0,0,0,0,0
Diagonal_eny_002.csv,0.050000,0.008000,0,0,0,0,0,0,0,0,3,0,0,0,0,0,142,0,0,0,0,0,0,0,0,0,0,0,25,0,0,0,118,0,0,0,0,0,0,0,76,3,0,0,0,0,0,8,0,29,7,0,79,126,32,0,86,76,0,0,0,8,0,3,141,0,0,9,0,0,0,0,0,0,0,0,0,0,0,0,0,0,0,0,0,0,5,0,0,88,0,93,2229,0,0,0,0,0,0,0,0,0,0,0,0,0,116,0,0,1890,0,0,0,0,0,0,0,0,0,0,0,0,0,44,0,0,0,0,1095,0,0,0,0,0,0,0,0,0,0,3,0,0,0,0,0,0,0,0,0,0,0,0,0,1,0,0,0,0,0,0,25,0,0,0,0,30,0,119,0,29,0,0,0,0,68,0,0,0,90,1,0,0,0,0,0,8,0,0,0,0,0,0,0,0,0,0,0,0,0,0,0,0
Diagonal_eny_002.csv,0.050000,0.009000,0,0,0,0,0,0,0,0,4,0,0,0,0,0,168,0,0,0,0,0,0,0,0,0,0,0,31,0,0,0,162,0,0,0,0,0,0,0,97,5,0,0,0,0,0,9,0,34,11,0,103,164,37,0,110,99,0,0,0,13,0,4,176,0,0,13,0,0,0,0,0,0,0,0,0,0,0,0,0,0,0,0,0,0,8,0,0,116,0,129,2572,0,0,0,0,0,0,0,0,0,0,0,0,0,140,0,0,2192,0,0,0,0,0,0,0,0,0,0,0,0,0,55,0,0,0,0,1249,0,0,0,0,0,0,0,0,0,0,8,0,0,0,0,0,0,0,0,0,0,0,0,0,1,0,0,1,0,0,0,32,0,0,0,0,35,0,149,0,34,0,0,0,0,95,0,0,0,113,1,0,0,0,0,0,9,0,0,0,0,0,0,0,0,0,0,0,0,0,0,0,0
Diagonal_eny_002.csv,0.060000,0.000900,0,0,0,0,0,0,0,0,0,0,0,0,0,0,0,0,0,0,0,0,0,0,0,0,0,0,0,0,0,0,0,0,0,0,0,0,0,0,1,0,0,0,0,0,0,0,0,1,0,0,0,1,0,0,1,2,0,0,0,0,0,1,2,0,0,0,0,0,0,0,0,0,0,0,0,0,0,0,0,0,0,0,0,0,0,0,0,2,0,0,2,0,0,0,0,0,0,0,0,0,0,0,0,0,5,0,0,2,0,0,0,0,0,0,0,0,0,0,0,0,0,0,0,0,0,0,0,0,0,0,0,0,0,0,0,0,0,0,0,0,0,0,0,0,0,0,0,0,0,0,0,0,0,0,0,0,0,0,0,0,0,0,0,1,0,1,0,1,0,0,0,0,0,0,0,0,0,0,0,0,0,0,0,0,0,0,0,0,0,0,0,0,0,0,0,0,0,0,0,0
Diagonal_eny_002.csv,0.060000,0.001000,0,0,0,0,0,0,0,0,0,0,0,0,0,0,0,0,0,0,0,0,0,0,0,0,0,0,0,0,0,0,2,0,0,0,0,0,0,0,1,0,0,0,0,0,0,0,0,1,0,0,0,1,0,0,2,2,0,0,0,0,0,1,2,0,0,0,0,0,0,0,0,0,0,0,0,0,0,0,0,0,0,0,0,0,0,0,0,2,0,2,20,0,0,0,0,0,0,0,0,0,0,0,0,0,7,0,0,3,0,0,0,0,0,0,0,0,0,0,0,0,0,0,0,0,0,0,0,0,0,0,0,0,0,0,0,0,0,0,0,0,0,0,0,0,0,0,0,0,0,0,0,0,0,0,0,0,0,0,0,0,0,0,0,1,0,2,0,1,0,0,0,0,0,0,0,0,0,0,0,0,0,0,0,0,0,0,0,0,0,0,0,0,0,0,0,0,0,0,0,0
Diagonal_eny_002.csv,0.060000,0.002000,0,0,0,0,0,0,0,0,0,0,0,0,0,0,10,0,0,0,0,0,0,0,0,0,0,0,2,0,0,0,11,0,0,0,0,0,0,0,3,1,0,0,0,0,0,0,0,3,0,0,6,7,6,0,4,4,0,0,0,0,0,1,5,0,0,0,0,0,0,0,0,0,0,0,0,0,0,0,0,0,0,0,0,0,0,0,0,9,0,10,407,0,0,0,0,0,0,0,0,0,0,0,0,0,12,0,0,6,0,0,0,0,0,0,0,0,0,0,0,0,0,2,0,0,0,0,2,0,0,0,0,0,0,0,0,0,0,0,0,0,0,0,0,0,0,0,0,0,0,0,0,0,0,0,0,0,0,0,0,0,0,0,0,2,0,11,0,2,0,0,0,0,3,0,0,0,7,0,0,0,0,0,0,1,0,0,0,0,0,0,0,0,0,0,0,0,0,0,0,0
Diagonal_eny_002.csv,0.060000,0.003000,0,0,0,0,0,0,0,0,0,0,0,0,0,0,21,0,0,0,0,0,0,0,0,0,0,0,5,0,0,0,23,0,0,0,0,0,0,0,6,1,0,0,0,0,0,1,0,5,0,0,15,14,10,0,11,8,0,0,0,0,0,2,19,0,0,3,0,0,0,0,0,0,0,0,0,0,0,0,0,0,0,0,0,0,0,0,0,16,0,17,743,0,0,0,0,0,0,0,0,0,0,0,0,0,25,0,0,303,0,0,0,0,0,0,0,0,0,0,0,0,0,7,0,0,0,0,8,0,0,0,0,0,0,0,0,0,0,1,0,0,0,0,0,0,0,0,0,0,0,0,0,0,0,0,0,0,0,0,2,0,0,0,0,4,0,23,0,3,0,0,0,0,9,0,0,0,15,0,0,0,0,0,0,1,0,0,0,0,0,0,0,0,0,0,0,0,0,0,0,0
Diagonal_eny_002.csv,0.060000,0.004000,0,0,0,0,0,0,0,0,0,0,0,0,0,0,31,0,0,0,0,0,0,0,0,0,0,0,6,0,0,0,39,0,0,0,0,0,0,0,14,1,0,0,0,0,0,1,0,14,1,0,21,27,13,0,23,19,0,0,0,1,0,2,39,0,0,6,0,0,0,0,0,0,0,0,0,0,0,0,0,0,0,0,0,0,2,0,0,26,0,30,1108,0,0,0,0,0,0,0,0,0,0,0,0,0,43,0,0,683,0,0,0,0,0,0,0,0,0,0,0,0,0,11,0,0,0,0,15,0,0,0,0,0,0,0,0,0,0,2,0,0,0,0,0,0,0,0,0,0,0,0,0,0,0,0,0,0,0,0,8,0,0,0,0,6,0,33,0,4,0,0,0,0,18,0,0,0,30,0,0,0,0,0,0,2,0,0,0,0,0,0,0,0,0,0,0,0,0,0,0,0
Diagonal_eny_002.csv,0.060000,0.005000,0,0,0,0,0,0,0,0,0,0,0,0,0,0,50,0,0,0,0,0,0,0,0,0,0,0,9,0,0,0,51,0,0,0,0,0,0,0,29,4,0,0,0,0,0,1,0,18,6,0,33,48,21,0,34,30,0,0,0,2,0,4,63,0,0,6,0,0,0,0,0,0,0,0,0,0,0,0,0,0,0,0,0,0,3,0,0,44,0,46,1483,0,0,0,0,0,0,0,0,0,0,0,0,0,60,0,0,1106,0,0,0,0,0,0,0,0,0,0,0,0,0,15,0,0,0,0,266,0,0,0,0,0,0,0,0,0,0,2,0,0,0,0,0,0,0,0,0,0,0,0,0,0,0,0,0,0,0,0,12,0,0,0,0,12,0,55,0,9,0,0,0,0,33,0,0,0,55,0,0,0,0,0,0,2,0,0,0,0,0,0,0,0,0,0,0,0,0,0,0,0
Diagonal_eny_002.csv,0.060000,0.006000,0,0,0,0,0,0,0,0,0,0,0,0,0,0,79,0,0,0,0,0,0,0,0,0,0,0,14,0,0,0,78,0,0,0,0,0,0,0,41,5,0,0,0,0,0,1,0,23,9,0,47,75,30,0,53,45,0,0,0,4,0,5,89,0,0,8,0,0,0,0,0,0,0,0,0,0,0,0,0,0,0,0,0,0,4,0,0,61,0,74,1854,0,0,0,0,0,0,0,0,0,0,0,0,0,89,0,0,1476,0,0,0,0,0,0,0,0,0,0,0,0,0,21,0,0,0,0,647,0,0,0,0,0,0,0,0,0,0,2,0,0,0,0,0,0,0,0,0,0,0,0,0,0,0,0,0,0,0,0,18,0,0,0,1,16,0,83,0,16,0,0,0,0,39,0,0,0,74,0,0,0,0,0,0,3,0,0,0,0,0,0,0,0,0,0,0,0,0,0,0,0
Diagonal_eny_002.csv,0.060000,0.007000,0,0,0,0,0,0,0,0,3,0,0,0,0,0,110,0,0,0,0,0,0,0,0,0,0,0,18,0,0,0,111,0,0,0,0,0,0,0,52,9,0,0,0,0,0,4,0,26,12,0,61,101,39,0,73,61,0,0,0,5,0,8,120,0,0,10,0,0,0,0,0,0,0,0,0,0,0,0,0,0,0,0,0,0,5,0,0,84,0,95,2249,0,0,0,0,0,0,0,0,0,0,0,0,0,121,0,0,1841,0,0,0,0,0,0,0,0,0,0,0,0,0,25,0,0,0,0,1018,0,0,0,0,0,0,0,0,0,0,3,0,0,0,0,0,0,0,0,0,0,0,0,0,0,0,0,0,0,0,0,22,0,0,0,1,26,0,104,0,22,0,0,0,0,52,0,0,0,105,0,0,0,1,0,0,5,0,0,0,0,0,0,0,0,0,0,0,0,0,0,0,0
Diagonal_eny_002.csv,0.060000,0.008000,0,0,0,0,0,0,0,0,3,0,0,0,0,0,148,0,0,0,0,0,0,0,0,0,0,0,28,0,0,0,145,0,0,0,0,0,0,0,72,9,0,0,0,0,0,4,0,39,16,0,79,126,54,0,106,87,0,0,0,7,0,9,164,0,0,15,0,0,0,0,0,0,0,0,0,0,0,0,0,0,0,0,0,0,6,0,0,103,0,123,2649,0,0,1,0,0,0,0,0,0,0,0,0,0,156,0,0,2241,0,0,0,0,0,0,0,0,0,0,0,0,0,30,0,0,0,0,1357,0,0,0,0,0,0,0,0,0,0,4,0,0,0,0,0,0,0,0,0,0,0,0,0,0,0,0,0,0,0,0,27,0,0,0,1,33,0,133,0,31,0,0,0,0,78,0,0,0,125,0,0,0,1,0,0,6,0,0,0,0,0,0,0,0,0,0,0,0,0,0,0,0
Diagonal_eny_002.csv,0.060000,0.009000,0,0,0,0,0,0,0,0,3,0,0,0,0,0,185,0,0,0,0,0,0,0,0,0,0,0,38,0,0,0,178,0,0,0,0,0,0,0,93,14,0,0,0,0,0,4,0,47,18,0,106,166,67,0,141,110,0,0,0,8,0,11,217,0,0,20,0,0,0,0,0,0,0,0,0,0,0,0,0,0,0,0,0,0,8,0,0,135,0,153,3033,0,0,1,0,0,0,0,0,0,0,0,0,0,193,0,0,2635,0,0,0,0,0,0,0,0,0,0,0,0,0,44,0,0,0,0,1550,0,0,0,0,0,0,0,0,0,0,6,0,0,0,0,0,0,0,0,0,0,0,0,0,0,0,0,0,0,0,0,33,0,0,0,2,44,0,180,0,36,0,0,0,0,101,0,0,0,142,0,0,0,1,0,0,6,0,0,0,0,0,0,0,0,0,0,0,0,0,0,0,0
Diagonal_eny_002.csv,0.070000,0.000900,0,0,0,0,0,0,0,0,0,0,0,0,0,0,0,0,0,0,0,0,0,0,0,0,0,0,1,0,0,0,6,0,0,0,0,0,0,0,0,0,0,0,0,0,0,0,0,1,0,0,0,2,2,0,4,1,0,0,0,0,0,0,2,0,0,1,0,0,0,0,0,0,0,0,0,0,0,0,0,0,0,0,0,0,0,0,0,1,0,2,1,0,0,0,0,0,0,0,0,0,0,0,0,0,3,0,0,7,0,0,0,0,0,0,0,0,0,0,0,0,0,1,0,0,0,0,1,0,0,0,0,0,0,0,0,0,0,0,0,0,0,0,0,0,0,0,0,0,0,0,0,0,0,0,0,0,0,0,0,0,0,0,0,0,0,3,0,1,0,0,0,0,1,0,0,0,0,0,0,0,0,0,0,0,0,0,0,0,0,0,0,0,0,0,0,0,0,0,0,0
Diagonal_eny_002.csv,0.070000,0.001000,0,0,0,0,0,0,0,0,0,0,0,0,0,0,0,0,0,0,0,0,0,0,0,0,0,0,1,0,0,0,7,0,0,0,0,0,0,0,0,0,0,0,0,0,0,0,0,1,0,0,0,2,2,0,4,3,0,0,0,0,0,0,2,0,0,1,0,0,0,0,0,0,0,0,0,0,0,0,0,0,0,0,0,0,0,0,0,2,0,2,28,0,0,0,0,0,0,0,0,0,0,0,0,0,5,0,0,7,0,0,0,0,0,0,0,0,0,0,0,0,0,1,0,0,0,0,1,0,0,0,0,0,0,0,0,0,0,0,0,0,0,0,0,0,0,0,0,0,0,0,0,0,0,0,0,0,0,0,0,0,0,0,0,0,0,4,0,1,0,0,0,0,1,0,0,0,0,0,0,0,0,0,0,0,0,0,0,0,0,0,0,0,0,0,0,0,0,0,0,0
Diagonal_eny_002.csv,0.070000,0.002000,0,0,0,0,0,0,0,0,0,0,0,0,0,0,6,0,0,0,0,0,0,0,0,0,0,0,1,0,0,0,12,0,0,0,0,0,0,0,7,0,0,0,0,0,0,0,0,1,0,0,6,12,5,0,12,7,0,0,0,1,0,0,14,0,0,2,0,0,0,0,0,0,0,0,0,0,0,0,0,0,0,0,0,0,0,0,0,8,0,8,433,0,0,0,0,0,0,0,0,0,0,0,0,0,14,0,0,15,0,0,0,0,0,0,0,0,0,0,0,0,0,3,0,0,0,0,5,0,0,0,0,0,0,0,0,0,0,1,0,0,0,0,0,0,0,0,0,0,0,0,0,0,0,0,0,0,0,0,1,0,0,0,0,1,0,12,0,2,0,0,0,0,4,0,0,0,10,0,0,0,0,0,0,0,0,0,0,0,0,0,0,0,0,0,0,0,0,0,0,0
Diagonal_eny_002.csv,0.070000,0.003000,0,0,0,0,0,0,0,0,0,0,0,0,0,0,24,0,0,0,0,0,0,0,0,0,0,0,3,0,0,0,30,0,0,0,0,0,0,0,13,1,0,0,0,0,0,2,0,2,2,0,11,24,11,0,17,15,0,0,0,3,0,0,28,0,0,4,0,0,0,0,0,0,0,0,0,0,0,0,0,0,0,0,0,0,0,0,0,17,0,17,853,0,0,0,0,0,0,0,0,0,0,0,0,0,27,0,0,366,0,0,0,0,0,0,0,0,0,0,0,0,0,7,0,0,0,0,9,0,0,0,0,0,0,0,0,0,0,1,0,0,0,0,0,0,0,0,0,0,0,0,0,0,0,0,0,0,0,0,4,0,0,0,0,2,0,29,0,3,0,0,0,0,17,0,0,0,19,0,0,0,0,0,0,1,0,0,0,0,0,0,0,0,0,0,0,0,0,0,0,0
Diagonal_eny_002.csv,0.070000,0.004000,0,0,0,0,0,0,0,0,0,0,0,0,0,0,41,0,0,0,0,0,0,0,0,0,0,0,9,0,0,0,47,0,0,0,0,0,0,0,24,1,0,0,0,0,0,2,0,4,2,0,24,38,16,0,29,25,0,0,0,3,0,0,52,0,0,5,0,0,0,0,0,0,0,0,0,0,0,0,0,0,0,0,0,0,0,0,0,24,0,36,1335,0,0,0,0,0,0,0,0,0,0,0,0,0,50,0,0,784,0,0,0,0,0,0,0,0,0,0,0,0,0,13,0,0,0,0,15,0,0,0,0,0,0,0,0,0,0,2,0,0,0,0,0,0,0,0,0,0,0,0,0,0,0,0,0,0,0,0,10,0,0,0,0,7,0,47,0,8,0,0,0,0,27,0,0,0,31,0,0,0,0,0,0,4,0,0,0,0,0,0,0,0,0,0,0,0,0,0,0,0
Diagonal_eny_002.csv,0.070000,0.005000,0,0,0,0,0,0,0,0,0,0,0,0,0,0,62,0,0,0,0,0,0,0,0,0,0,0,13,0,0,0,83,0,0,0,0,0,0,0,48,6,1,0,0,0,0,4,0,10,3,0,35,58,25,0,44,40,0,0,0,4,0,0,70,0,0,6,0,0,0,0,0,0,0,0,0,0,0,0,0,0,0,0,0,0,2,0,0,36,0,61,1775,0,0,0,0,0,0,0,0,0,0,0,0,0,64,0,0,1254,0,0,0,0,0,0,0,0,0,0,0,0,0,19,0,0,0,0,328,0,0,0,0,0,0,0,0,0,0,3,0,0,0,0,0,0,0,0,0,0,0,0,0,0,0,0,0,0,0,0,19,0,0,0,0,8,0,65,0,14,0,0,0,0,41,0,0,0,47,0,0,0,0,0,0,4,0,0,0,0,0,0,0,0,0,0,0,0,0,0,0,0
Diagonal_eny_002.csv,0.070000,0.006000,0,0,0,0,0,0,0,0,0,0,0,0,0,0,98,0,0,0,0,0,0,0,0,0,0,0,17,0,0,0,106,0,0,0,0,0,0,0,69,11,1,0,0,0,0,4,0,14,6,0,48,85,32,0,66,66,0,0,0,8,0,3,96,0,0,7,0,0,0,0,0,0,0,0,0,0,0,0,0,0,0,0,0,0,3,0,0,56,0,87,2166,0,0,0,0,0,0,0,0,0,0,0,0,0,89,0,0,1708,0,0,0,0,0,0,0,0,0,0,0,0,0,28,0,0,0,0,745,0,0,0,0,0,0,0,0,0,0,6,0,0,0,0,0,0,0,0,0,0,0,0,0,0,0,0,0,0,0,0,21,0,0,0,0,12,0,91,0,18,0,0,0,0,67,0,0,0,72,0,0,0,0,0,0,5,0,0,0,0,0,0,0,0,0,0,0,0,0,0,0,0
Diagonal_eny_002.csv,0.070000,0.007000,0,0,0,0,0,0,0,0,2,0,0,0,0,0,130,0,0,0,0,0,0,0,0,0,0,0,25,0,0,0,135,0,0,0,0,0,0,0,90,12,1,0,0,0,0,8,0,21,7,0,65,125,47,0,96,90,0,0,0,10,0,4,136,0,0,10,0,0,0,0,0,0,0,0,0,0,0,0,0,0,0,0,0,0,6,0,0,85,0,117,2620,0,0,0,0,0,0,0,0,0,0,0,0,0,116,0,0,2135,0,0,0,0,0,0,0,0,0,0,0,0,0,40,0,0,0,0,1194,0,0,0,0,0,0,0,0,0,0,8,0,0,0,0,0,0,0,0,0,0,0,0,0,0,0,0,0,0,0,0,24,0,0,0,0,16,0,128,0,24,0,0,0,0,91,0,0,0,96,0,0,0,0,0,0,5,0,0,0,0,0,0,0,0,0,0,0,0,0,0,0,0
Diagonal_eny_002.csv,0.070000,0.008000,0,0,0,0,0,0,0,0,6,0,0,0,0,0,166,0,0,0,0,0,0,0,0,0,0,0,34,0,0,0,184,0,0,0,0,0,0,0,117,12,1,0,0,0,0,8,0,26,11,0,88,159,66,0,123,119,0,0,0,16,0,4,180,0,0,16,0,0,0,0,0,0,0,0,0,0,0,0,0,0,0,0,0,0,7,0,0,109,0,150,3081,0,0,0,0,0,0,0,0,0,0,0,0,0,154,0,0,2582,0,0,0,0,0,0,0,0,0,0,0,0,0,53,0,0,0,0,1618,0,0,0,0,0,0,0,0,0,0,11,0,0,0,0,0,0,0,0,0,0,0,0,0,0,0,0,0,0,0,0,31,0,0,0,0,24,0,161,0,28,0,0,0,0,123,0,0,0,127,0,0,0,0,0,0,8,0,0,0,0,0,0,0,0,0,0,0,0,0,0,0,0
Diagonal_eny_002.csv,0.070000,0.009000,0,0,0,0,0,0,0,0,8,0,0,0,0,0,210,0,0,0,0,0,0,0,0,0,0,0,39,0,0,0,224,0,0,0,0,0,0,0,143,14,1,0,0,0,0,11,0,33,15,0,113,193,79,0,148,149,0,0,0,23,0,6,234,0,0,22,0,0,0,0,0,0,0,0,0,0,0,0,0,0,0,0,0,0,7,0,0,143,0,195,3520,0,0,0,0,0,0,0,0,0,0,0,0,0,208,0,0,3085,0,0,0,0,0,0,0,0,0,0,0,0,0,71,0,0,0,0,1835,0,0,0,0,0,0,0,0,0,0,12,0,0,0,0,0,0,0,0,0,0,0,0,0,1,0,0,0,0,0,0,41,0,0,0,0,31,0,211,0,42,0,0,0,0,151,0,0,0,160,0,0,0,0,0,0,10,0,0,0,0,0,0,0,0,0,0,0,0,0,0,0,0
Diagonal_eny_002.csv,0.080000,0.000900,0,0,0,0,0,0,0,0,0,0,0,0,0,0,1,0,0,0,0,0,0,0,0,0,0,0,0,0,0,0,1,0,0,0,0,0,0,0,5,0,0,0,0,0,0,0,0,0,0,0,1,5,1,0,4,2,0,0,0,0,0,0,4,0,0,1,0,0,0,0,0,0,0,0,0,0,0,0,0,0,0,0,0,0,1,0,0,0,0,3,2,0,0,0,0,0,0,0,0,0,0,0,0,0,3,0,0,0,0,0,0,0,0,0,0,0,0,0,0,0,0,0,0,0,0,0,1,0,0,0,0,0,0,0,0,0,0,1,0,0,0,0,0,0,0,0,0,0,0,0,0,0,0,0,1,0,0,0,0,0,0,0,0,1,0,3,0,0,0,0,0,0,0,0,0,0,1,0,0,0,0,0,0,0,0,0,0,0,0,0,0,0,0,0,0,0,0,0,0,0
Diagonal_eny_002.csv,0.080000,0.001000,0,0,0,0,0,0,0,0,0,0,0,0,0,0,2,0,0,0,0,0,0,0,0,0,0,0,0,0,0,0,3,0,0,0,0,0,0,0,5,0,0,0,0,0,0,0,0,1,0,0,1,6,2,0,4,2,0,0,0,0,0,0,5,0,0,1,0,0,0,0,0,0,0,0,0,0,0,0,0,0,0,0,0,0,1,0,0,0,0,3,36,0,0,0,0,0,0,0,0,0,0,0,0,0,4,0,0,1,0,0,0,0,0,0,0,0,0,0,0,0,0,0,0,0,0,0,1,0,0,0,0,0,0,0,0,0,0,1,0,0,0,0,0,0,0,0,0,0,0,0,0,0,0,0,1,0,0,0,0,0,0,0,0,1,0,3,0,0,0,0,0,0,0,0,0,0,1,0,0,0,0,0,0,0,0,0,0,0,0,0,0,0,0,0,0,0,0,0,0,0
Diagonal_eny_002.csv,0.080000,0.002000,0,0,0,0,0,0,0,0,0,0,0,0,0,0,12,0,0,0,0,0,0,0,0,0,0,0,4,0,0,0,13,0,0,0,0,0,0,0,9,1,0,0,0,0,0,1,0,3,1,0,9,11,4,0,9,7,0,0,0,2,0,1,12,0,0,2,0,0,0,0,0,0,0,0,0,0,0,0,0,0,0,0,0,0,2,0,0,8,0,12,507,0,0,0,0,0,0,0,0,0,0,0,0,0,13,0,0,9,0,0,0,0,0,0,0,0,0,0,0,0,0,2,0,0,0,0,4,0,0,0,0,0,0,0,0,0,0,1,0,0,0,0,0,0,0,0,0,0,0,0,0,0,0,0,1,0,0,0,1,0,0,0,0,2,0,14,0,0,0,0,0,0,6,0,0,0,7,1,0,0,0,0,0,0,0,0,0,0,0,0,0,0,0,0,0,0,0,0,0,0
Diagonal_eny_002.csv,0.080000,0.003000,0,0,0,0,0,0,0,0,0,0,0,0,0,0,40,0,0,0,0,0,0,0,0,0,0,0,9,0,0,0,31,0,0,0,0,0,0,0,20,2,0,0,0,0,0,2,0,6,4,0,20,26,9,0,15,16,0,0,0,2,0,3,24,0,0,4,0,0,0,0,0,0,0,0,0,0,0,0,0,0,0,0,0,0,2,0,0,19,0,35,957,0,0,0,0,0,0,0,0,0,0,0,0,0,29,0,0,433,0,0,0,0,0,0,0,0,0,0,0,0,0,5,0,0,0,0,11,0,0,0,0,0,0,0,0,0,0,1,0,0,0,0,0,0,0,0,0,0,0,0,0,0,0,0,1,0,0,0,6,0,0,0,0,6,0,24,0,4,0,0,0,0,12,0,0,0,20,1,0,0,0,0,0,1,0,0,0,0,0,0,0,0,0,0,0,0,0,0,0,0
Diagonal_eny_002.csv,0.080000,0.004000,0,0,0,0,0,0,0,0,1,0,0,0,0,0,63,0,0,0,0,0,0,0,0,0,0,0,11,0,0,0,51,0,0,0,0,0,0,0,32,3,0,0,0,0,0,3,0,12,4,0,37,48,20,0,24,31,0,0,0,3,0,4,50,0,0,8,0,0,0,0,0,0,0,0,0,0,0,0,0,0,0,0,0,0,2,0,0,30,0,56,1459,0,0,0,0,0,0,0,0,0,0,0,0,0,53,0,0,961,0,0,0,0,0,0,0,0,0,0,0,0,0,14,0,0,0,0,22,0,0,0,0,0,0,0,0,0,0,2,0,0,0,0,0,0,0,0,0,0,0,0,0,0,0,0,1,0,0,0,12,0,0,0,1,8,0,46,0,8,0,0,0,0,32,0,0,0,34,1,0,0,0,0,0,3,0,0,0,0,0,0,0,0,0,0,0,0,0,0,0,0
Diagonal_eny_002.csv,0.080000,0.005000,0,0,0,0,0,0,0,0,1,0,0,0,0,0,87,0,0,0,0,0,0,0,0,0,0,0,17,0,0,0,81,0,0,0,0,0,0,0,50,3,0,0,0,0,0,4,0,18,6,0,45,71,28,0,45,48,0,0,0,7,0,5,87,0,0,9,0,0,0,0,0,0,0,0,0,0,0,0,0,0,0,0,0,0,3,0,0,49,0,78,1993,0,0,0,0,0,0,0,0,0,0,0,0,0,75,0,0,1503,0,0,0,0,0,0,0,0,0,0,0,0,0,15,0,0,0,0,351,0,0,0,0,0,0,0,0,0,0,2,0,0,0,0,0,0,0,0,0,0,0,0,0,0,0,0,1,0,0,0,19,0,0,0,2,16,0,74,0,14,0,0,0,0,50,0,0,0,58,1,0,0,0,0,0,4,0,0,0,0,0,0,0,0,0,0,0,0,0,0,0,0
Diagonal_eny_002.csv,0.080000,0.006000,0,0,0,0,0,0,0,0,3,0,0,0,0,0,128,0,0,0,0,0,0,0,0,0,0,0,24,0,0,0,104,0,0,0,0,0,0,0,69,4,0,0,0,0,0,6,0,35,7,0,69,106,41,0,70,65,0,0,0,12,0,8,120,0,0,11,0,0,0,0,0,0,0,0,0,0,0,0,0,0,0,0,0,0,4,0,0,76,0,107,2487,0,0,0,0,0,0,0,0,0,0,0,0,0,98,0,0,2034,0,0,0,0,0,0,0,0,0,0,0,0,0,28,0,0,0,0,855,0,0,0,0,0,0,0,0,0,0,5,0,0,0,0,0,0,0,0,0,0,0,0,0,0,0,0,1,0,0,0,23,0,0,0,2,20,0,100,0,25,0,0,0,0,74,0,0,0,80,2,0,0,0,0,0,4,0,0,0,0,0,0,0,0,0,0,0,0,0,0,0,0
Diagonal_eny_002.csv,0.080000,0.007000,0,0,0,0,0,0,0,0,4,0,0,0,0,0,172,0,0,0,0,0,0,0,0,0,0,0,33,0,0,0,145,0,0,0,0,0,0,0,97,7,0,0,0,0,0,7,0,38,11,0,88,147,55,0,105,103,0,0,0,14,0,10,158,0,0,17,0,0,0,0,0,0,0,0,0,0,0,0,0,0,0,0,0,0,4,0,0,103,0,138,3002,0,0,0,0,0,0,0,0,0,0,0,0,0,127,0,0,2526,0,0,0,0,0,0,0,0,0,0,0,0,0,38,0,0,0,0,1363,0,0,0,0,0,0,0,0,0,0,6,0,0,0,0,0,0,0,0,0,0,0,0,0,0,0,0,2,0,0,0,26,0,0,0,3,40,0,139,0,33,0,0,0,0,94,0,0,0,107,2,0,0,0,1,0,8,0,0,0,0,0,0,0,0,0,0,0,0,0,0,0,0
Diagonal_eny_002.csv,0.080000,0.008000,0,0,0,0,0,0,0,0,7,0,0,0,0,0,215,0,0,0,0,0,0,0,0,0,0,0,44,0,0,0,192,0,0,0,0,0,0,0,128,7,0,0,0,0,0,7,0,54,16,0,110,191,71,0,136,124,0,0,0,16,0,10,206,0,0,20,0,0,0,0,0,0,0,0,0,0,0,0,0,0,0,0,0,0,4,0,0,133,0,191,3557,0,0,2,0,0,0,0,0,0,0,0,0,0,162,0,0,3049,0,0,0,0,0,0,0,0,0,0,0,0,0,54,0,0,0,0,1824,0,0,0,0,0,0,0,0,0,0,8,0,0,0,0,0,0,0,0,0,0,0,0,0,0,0,0,2,0,0,0,31,0,0,0,4,48,0,181,0,44,0,0,0,0,124,0,0,0,150,2,0,0,0,1,0,9,0,0,0,0,0,0,0,0,0,0,0,0,0,0,0,0
Diagonal_eny_002.csv,0.080000,0.009000,0,0,0,0,0,0,0,0,9,0,0,0,0,0,270,0,0,0,0,0,0,0,0,0,0,0,54,0,0,0,270,0,0,0,0,0,0,0,167,8,0,0,0,0,0,10,0,68,25,0,139,243,86,0,170,160,0,0,0,18,0,11,263,0,0,26,0,0,0,0,0,0,0,0,0,0,0,0,0,0,0,0,0,0,6,0,0,166,0,236,4111,0,0,2,0,0,0,0,0,0,0,0,0,0,209,0,0,3564,0,0,0,0,0,0,0,0,0,0,0,0,0,71,0,0,0,0,2074,0,0,0,0,0,0,0,0,0,0,13,0,0,0,0,0,0,0,0,0,0,0,0,0,0,0,0,2,0,0,0,36,0,0,0,4,61,0,238,0,52,0,0,0,0,158,0,0,0,189,2,0,0,0,1,0,11,0,0,0,0,0,0,0,0,0,0,0,0,0,0,0,0
Diagonal_eny_002.csv,0.090000,0.000900,0,0,0,0,0,0,0,0,0,0,0,0,0,0,1,0,0,0,0,0,0,0,0,0,0,0,1,0,0,0,2,0,0,0,0,0,0,0,2,0,0,0,0,0,0,0,0,1,0,0,0,1,0,0,4,0,0,0,0,0,0,0,2,0,0,1,0,0,0,0,0,0,0,0,0,0,0,0,0,0,0,0,0,0,1,0,0,2,0,2,2,0,0,0,0,0,0,0,0,0,0,0,0,0,6,0,0,3,0,0,0,0,0,0,0,0,0,0,0,0,0,0,0,0,0,0,0,0,0,0,0,0,0,0,0,0,0,0,0,0,0,0,0,0,0,0,0,0,0,0,0,0,0,0,0,0,0,0,0,0,0,0,0,1,0,6,0,1,0,0,0,0,0,0,0,0,2,0,0,0,0,0,0,0,0,0,0,0,0,0,0,0,0,0,0,0,0,0,0,0
Diagonal_eny_002.csv,0.090000,0.001000,0,0,0,0,0,0,0,0,0,0,0,0,0,0,1,0,0,0,0,0,0,0,0,0,0,0,1,0,0,0,5,0,0,0,0,0,0,0,2,0,0,0,0,0,0,0,0,1,0,0,1,1,0,0,4,1,0,0,0,0,0,0,3,0,0,1,0,0,0,0,0,0,0,0,0,0,0,0,0,0,0,0,0,0,1,0,0,3,0,3,27,0,0,0,0,0,0,0,0,0,0,0,0,0,7,0,0,4,0,0,0,0,0,0,0,0,0,0,0,0,0,0,0,0,0,0,0,0,0,0,0,0,0,0,0,0,0,1,0,0,0,0,0,0,0,0,0,0,0,0,0,0,0,0,0,0,0,0,0,0,0,0,0,1,0,7,0,1,0,0,0,0,0,0,0,0,3,0,0,0,0,0,0,0,0,0,0,0,0,0,0,0,0,0,0,0,0,0,0,0
Diagonal_eny_002.csv,0.090000,0.002000,0,0,0,0,0,0,0,0,0,0,0,0,0,0,10,0,0,0,0,0,0,0,0,0,0,0,6,0,0,0,19,0,0,0,0,0,0,0,14,0,0,0,0,0,0,1,0,2,1,0,7,13,5,0,13,5,0,0,0,0,0,0,15,0,0,2,0,0,0,0,0,0,0,0,0,0,0,0,0,0,0,0,0,0,2,0,0,12,0,8,619,0,0,0,0,0,0,0,0,0,0,0,0,0,13,0,0,19,0,0,0,0,0,0,0,0,0,0,0,0,0,4,0,0,0,0,4,0,0,0,0,0,0,0,0,0,0,2,0,0,0,0,0,0,0,0,0,0,0,0,0,0,0,0,0,0,0,0,1,0,0,0,1,4,0,19,0,1,0,0,0,0,8,0,0,0,11,0,0,0,0,0,0,1,0,0,0,0,0,0,0,0,0,0,0,0,0,0,0,0
Diagonal_eny_002.csv,0.090000,0.003000,0,0,0,0,0,0,0,0,0,0,0,0,0,0,30,0,0,0,0,0,0,0,0,0,0,0,13,0,0,0,29,0,0,0,0,0,0,0,23,1,0,0,0,0,0,4,0,7,5,0,20,26,10,0,24,17,0,0,0,1,0,2,38,0,0,5,0,0,0,0,0,0,0,0,0,0,0,0,0,0,0,0,0,0,2,0,0,26,0,19,1131,0,0,0,0,0,0,0,0,0,0,0,0,0,33,0,0,479,0,0,0,0,0,0,0,0,0,0,0,0,0,10,0,0,0,0,13,0,0,0,0,0,0,0,0,0,0,4,0,0,0,0,0,0,0,0,0,0,0,0,0,0,0,0,0,0,0,0,4,0,0,0,1,7,0,40,0,4,0,0,0,0,25,0,0,0,30,0,0,0,0,0,0,2,0,0,0,0,0,0,0,0,0,0,0,0,0,0,0,0
Diagonal_eny_002.csv,0.090000,0.004000,0,0,0,0,0,0,0,0,0,0,0,0,0,0,51,0,0,0,0,0,0,0,0,0,0,0,19,0,0,0,48,0,0,0,0,0,0,0,48,2,0,0,0,0,0,4,0,14,11,0,40,49,21,0,42,40,0,0,0,2,0,3,65,0,0,8,0,0,0,0,0,0,0,0,0,0,0,0,0,0,0,0,0,0,2,0,0,43,0,40,1710,0,0,0,0,0,0,0,0,0,0,0,0,0,65,0,0,1024,0,0,0,0,0,0,0,0,0,0,0,0,0,17,0,0,0,0,35,0,0,0,0,0,0,0,0,0,0,5,0,0,0,0,0,0,0,0,0,0,0,0,0,0,0,0,0,0,0,0,8,0,0,0,1,14,0,61,0,8,0,0,0,0,45,0,0,0,52,0,0,0,0,1,0,4,0,0,0,0,0,0,0,0,0,0,0,0,0,0,0,0
Diagonal_eny_002.csv,0.090000,0.005000,0,0,0,0,0,0,0,0,0,0,0,0,0,0,88,0,0,0,0,0,0,0,0,0,0,0,26,0,0,0,82,0,0,0,0,0,0,0,68,2,1,0,0,0,0,5,0,24,15,0,64,80,32,0,58,54,0,0,0,4,0,3,94,0,0,10,0,0,0,0,0,0,0,0,0,0,0,0,0,0,0,0,0,0,2,0,0,66,0,72,2283,0,0,0,0,0,0,0,0,0,0,0,0,0,92,0,0,1577,0,0,0,0,0,0,0,0,0,0,0,0,0,24,0,0,0,0,404,0,0,0,0,0,0,0,0,0,0,5,0,0,0,0,0,0,0,0,0,0,0,0,0,0,0,0,0,0,0,0,15,0,0,0,1,19,0,92,0,13,0,0,0,0,62,0,0,0,79,0,0,0,0,1,0,5,0,0,0,0,0,0,0,0,0,0,0,0,0,0,0,0
Diagonal_eny_002.csv,0.090000,0.006000,0,0,0,0,0,0,0,0,0,0,0,0,0,0,138,0,0,0,0,0,0,0,0,0,0,0,32,0,0,0,119,0,0,0,0,0,0,0,96,4,1,0,0,0,0,6,0,36,18,0,82,109,46,0,82,86,0,0,0,10,0,4,130,0,0,11,0,0,0,0,0,0,0,0,0,0,0,0,0,0,0,0,0,0,2,0,0,80,0,101,2863,0,0,0,0,0,0,0,0,0,0,0,0,0,129,0,0,2161,0,0,0,0,0,0,0,0,0,0,0,0,0,35,0,0,0,0,997,0,0,0,0,0,0,0,0,0,0,5,0,0,0,0,0,0,0,0,0,0,0,0,0,0,0,0,0,0,0,0,22,0,0,0,2,28,0,131,0,17,0,0,0,0,77,0,0,0,118,0,0,0,0,1,0,5,0,0,0,0,0,0,0,0,0,0,0,0,0,0,0,0
Diagonal_eny_002.csv,0.090000,0.007000,0,0,0,0,0,0,0,0,2,0,0,0,0,0,178,0,0,0,0,0,0,0,0,0,0,0,37,0,0,0,183,0,0,0,0,0,0,0,132,7,1,0,0,0,0,7,0,46,19,0,104,155,60,0,113,112,0,0,0,11,0,7,180,0,0,15,0,0,0,0,0,0,0,0,0,0,0,0,0,0,0,0,0,0,5,0,0,105,0,145,3449,0,0,0,0,0,0,0,0,0,0,0,0,0,166,0,0,2753,0,0,0,0,0,0,0,0,0,0,0,0,0,54,0,0,0,0,1554,0,0,0,0,0,0,0,0,0,0,6,0,0,0,0,0,0,0,0,0,0,0,0,0,0,0,0,0,0,0,0,26,0,0,0,2,46,0,184,0,25,0,0,0,0,103,0,0,0,157,0,0,0,1,2,0,5,0,0,0,0,0,0,0,0,0,0,0,0,0,0,0,0
Diagonal_eny_002.csv,0.090000,0.008000,0,0,0,0,0,0,0,0,4,0,0,0,0,0,232,0,0,0,0,0,0,0,0,0,0,0,49,0,0,0,239,0,0,0,0,0,0,0,166,10,1,0,0,0,0,10,0,62,25,0,141,217,75,0,151,148,0,0,0,16,0,13,243,0,0,22,0,0,0,0,0,0,0,0,0,0,0,0,0,0,0,0,0,0,6,0,0,139,0,190,4042,0,0,0,0,0,0,0,0,0,0,0,0,0,208,0,0,3354,0,0,0,0,0,0,0,0,0,0,0,0,0,70,0,0,0,0,2040,0,0,0,0,0,0,0,0,0,0,7,0,0,0,0,0,0,0,0,0,0,0,0,0,1,0,0,0,0,0,0,36,0,0,0,3,57,0,239,0,34,0,0,0,0,141,0,0,0,196,0,0,0,1,2,0,7,0,0,0,0,0,0,0,0,0,0,0,0,0,0,0,0
Diagonal_eny_002.csv,0.090000,0.009000,0,0,0,0,0,0,0,0,4,0,0,0,0,0,296,0,0,0,0,0,0,0,0,0,0,0,64,0,0,0,305,0,0,0,0,0,0,0,214,13,1,0,0,0,0,14,0,83,32,0,182,270,91,0,199,185,0,0,0,21,0,14,329,0,0,28,0,0,0,0,0,0,0,0,0,0,0,0,0,0,0,0,0,0,9,0,0,186,0,243,4578,0,0,0,0,0,0,0,0,0,0,0,0,0,258,0,0,3971,0,0,0,0,0,0,0,0,0,0,0,0,0,90,0,0,0,0,2336,0,0,0,0,0,0,0,0,0,0,9,0,0,0,0,0,0,0,0,0,0,0,0,0,1,0,0,0,0,0,0,45,0,0,0,3,77,0,297,0,48,0,0,0,0,182,0,0,0,252,0,0,0,1,3,0,9,0,0,0,0,0,0,0,0,0,0,0,0,0,0,0,0
Diagonal_eny_002.csv,0.100000,0.000900,0,0,0,0,0,0,0,0,0,0,0,0,0,0,4,0,0,0,0,0,0,0,0,0,0,0,1,0,0,0,1,0,0,0,0,0,0,0,1,0,0,0,0,0,0,0,0,0,0,0,2,2,2,0,2,2,0,0,0,0,0,0,4,0,0,2,0,0,0,0,0,0,0,0,0,0,0,0,0,0,0,0,0,0,0,0,0,1,0,2,2,0,0,0,0,0,0,0,0,0,0,0,0,0,4,0,0,5,0,0,0,0,0,0,0,0,0,0,0,0,0,0,0,0,0,0,0,0,0,0,0,0,0,0,0,0,0,0,0,0,0,0,0,0,0,0,0,0,0,0,0,0,0,0,0,0,0,0,0,0,0,0,0,1,0,4,0,0,0,0,0,0,0,0,0,0,1,0,0,0,0,0,0,0,0,0,0,0,0,0,0,0,0,0,0,0,0,0,0,0
Diagonal_eny_002.csv,0.100000,0.001000,0,0,0,0,0,0,0,0,0,0,0,0,0,0,4,0,0,0,0,0,0,0,0,0,0,0,1,0,0,0,3,0,0,0,0,0,0,0,2,0,0,0,0,0,0,0,0,0,0,0,2,3,3,0,2,3,0,0,0,0,0,0,7,0,0,2,0,0,0,0,0,0,0,0,0,0,0,0,0,0,0,0,0,0,0,0,0,2,0,4,39,0,0,0,0,0,0,0,0,0,0,0,0,0,5,0,0,5,0,0,0,0,0,0,0,0,0,0,0,0,0,0,0,0,0,0,0,0,0,0,0,0,0,0,0,0,0,0,0,0,0,0,0,0,0,0,0,0,0,0,0,0,0,0,0,0,0,0,0,0,0,0,0,1,0,4,0,0,0,0,0,0,1,0,0,0,1,0,0,0,0,0,0,0,0,0,0,0,0,0,0,0,0,0,0,0,0,0,0,0
Diagonal_eny_002.csv,0.100000,0.002000,0,0,0,0,0,0,0,0,0,0,0,0,0,0,21,0,0,0,0,0,0,0,0,0,0,0,4,0,0,0,14,0,0,0,0,0,0,0,5,2,0,0,0,0,0,2,0,2,0,0,10,14,5,0,13,8,0,0,0,0,0,1,22,0,0,2,0,0,0,0,0,0,0,0,0,0,0,0,0,0,0,0,0,0,1,0,0,12,0,14,686,0,0,0,0,0,0,0,0,0,0,0,0,0,17,0,0,22,0,0,0,0,0,0,0,0,0,0,0,0,0,2,0,0,0,0,5,0,0,0,0,0,0,0,0,0,0,0,0,0,0,0,0,0,0,0,0,0,0,0,0,1,0,0,0,0,0,0,1,0,0,0,0,4,0,15,0,0,0,0,0,0,10,0,0,0,11,0,0,0,1,0,0,0,0,0,0,0,0,0,0,0,0,0,0,0,0,0,0,0
Diagonal_eny_002.csv,0.100000,0.003000,0,0,0,0,0,0,0,0,0,0,0,0,0,0,51,0,0,0,0,0,0,0,0,0,0,0,7,0,0,0,42,0,0,0,0,0,0,0,23,2,0,0,0,0,0,4,0,8,2,0,17,34,7,0,27,20,0,0,0,2,0,1,43,0,0,3,0,0,0,0,0,0,0,0,0,0,0,0,0,0,0,0,0,0,1,0,0,29,0,34,1265,0,0,0,0,0,0,0,0,0,0,0,0,0,34,0,0,568,0,0,0,0,0,0,0,0,0,0,0,0,0,9,0,0,0,0,13,0,0,0,0,0,0,0,0,0,0,0,0,0,0,0,0,0,0,0,0,0,0,0,0,1,0,0,0,0,0,0,3,0,0,0,0,7,0,30,0,2,0,0,0,0,23,0,0,0,34,0,0,0,1,0,0,1,0,0,0,0,0,0,0,0,0,0,0,0,0,0,0,0
Diagonal_eny_002.csv,0.100000,0.004000,0,0,0,0,0,0,0,0,1,0,0,0,0,0,90,0,0,0,0,0,0,0,0,0,0,0,11,0,0,0,68,0,0,0,0,0,0,0,40,2,0,0,0,0,0,4,0,18,3,0,31,60,19,0,44,34,0,0,0,3,0,4,72,0,0,7,0,0,0,0,0,0,0,0,0,0,0,0,0,0,0,0,0,0,2,0,0,46,0,57,1886,0,0,0,0,0,0,0,0,0,0,0,0,0,64,0,0,1162,0,0,0,0,0,0,0,0,0,0,0,0,0,16,0,0,0,0,27,0,0,0,0,0,0,0,0,0,0,2,0,0,0,0,0,0,0,0,0,0,0,0,0,1,0,0,0,0,0,0,6,0,0,0,1,16,0,56,0,6,0,0,0,0,38,0,0,0,61,0,0,0,1,0,0,2,0,0,0,0,0,0,0,0,0,0,0,0,0,0,0,0
Diagonal_eny_002.csv,0.100000,0.005000,0,0,0,0,0,0,0,0,2,0,0,0,0,0,130,0,0,0,0,0,0,0,0,0,0,0,20,0,0,0,116,0,0,0,0,0,0,0,66,5,0,0,0,0,0,6,0,27,6,0,51,90,31,0,67,47,0,0,0,3,0,4,114,0,0,7,0,0,0,0,0,0,0,0,0,0,0,0,0,0,0,0,0,0,3,0,0,71,0,86,2499,0,0,0,0,0,0,0,0,0,0,0,0,0,93,0,0,1809,0,0,0,1,0,0,0,0,0,0,0,0,0,20,0,0,0,0,408,0,0,0,0,0,0,0,0,0,0,3,0,0,0,0,0,0,0,0,0,0,0,0,0,1,0,0,0,0,0,0,9,0,0,0,1,21,0,101,0,12,0,0,0,0,62,0,0,0,91,1,0,0,1,0,0,4,0,0,0,0,0,0,0,0,0,0,0,0,0,0,0,0
Diagonal_eny_002.csv,0.100000,0.006000,0,0,0,0,0,0,0,0,4,0,0,0,0,0,182,0,0,0,0,0,0,0,0,0,0,0,25,0,0,0,171,0,0,0,0,0,0,0,90,7,0,0,0,0,0,10,0,38,6,0,72,132,45,0,106,75,0,0,0,6,0,7,164,0,0,12,0,0,0,0,0,0,0,0,0,0,0,0,0,0,0,0,0,0,6,0,0,93,0,118,3114,0,0,0,0,0,0,0,0,0,0,0,0,0,130,0,0,2432,0,0,0,1,0,0,0,0,0,0,0,0,0,37,0,0,0,0,1011,0,0,0,0,0,0,0,0,0,0,4,0,0,0,0,0,0,0,0,0,0,0,0,0,1,0,0,0,0,0,0,15,0,0,0,1,36,0,141,0,22,0,0,0,0,99,0,0,0,121,2,0,0,1,0,0,6,0,0,0,0,0,0,0,0,0,0,0,0,0,0,0,0
Diagonal_eny_002.csv,0.100000,0.007000,0,0,0,0,0,0,0,0,8,0,0,0,0,0,234,0,0,0,0,0,0,0,0,0,0,0,34,0,0,0,217,0,0,0,0,0,0,0,124,11,0,0,0,0,0,11,0,50,9,0,101,190,56,0,160,104,0,0,0,8,0,10,212,0,0,16,0,0,0,0,0,0,0,0,0,0,0,0,0,0,0,0,0,0,8,0,0,130,0,154,3750,0,0,0,0,0,0,0,0,0,0,0,0,0,172,0,0,3051,0,0,0,1,0,0,0,0,0,0,0,0,0,54,0,0,0,0,1595,0,0,0,0,0,0,0,0,0,0,6,0,0,0,0,0,0,0,0,0,0,0,0,0,1,0,0,0,0,0,0,20,0,0,0,1,51,0,188,0,31,0,0,0,0,135,0,0,0,151,2,0,0,1,0,0,7,0,0,0,0,0,0,0,0,0,0,0,0,0,0,0,0
Diagonal_eny_002.csv,0.100000,0.008000,0,0,0,0,0,0,0,0,11,0,0,0,0,0,311,0,0,0,0,0,0,0,0,0,0,0,41,0,0,0,273,0,0,0,0,0,0,0,160,17,0,0,0,0,0,13,0,66,17,0,141,241,77,0,195,149,0,0,0,13,0,11,286,0,0,23,0,0,0,0,0,0,0,0,0,0,0,0,0,0,0,0,0,0,9,0,0,173,0,214,4397,0,0,0,0,0,0,0,0,0,0,0,0,0,234,0,0,3696,0,0,0,1,0,0,0,0,0,0,0,0,0,67,0,0,0,0,2106,0,0,0,0,0,0,0,0,0,0,8,0,0,0,0,0,0,0,0,0,0,0,0,0,1,0,0,0,0,0,0,22,0,0,0,2,67,0,255,0,46,0,0,0,0,171,0,0,0,194,2,0,0,1,0,0,11,0,0,0,0,0,0,0,0,0,0,0,0,0,0,0,0
Diagonal_eny_002.csv,0.100000,0.009000,0,0,0,0,0,0,0,0,14,0,0,0,0,0,385,0,0,0,0,0,0,0,0,0,0,0,59,0,0,0,354,0,0,0,0,0,0,0,195,23,0,0,0,0,0,16,0,88,26,0,179,289,105,0,229,188,0,0,0,18,0,13,359,0,0,34,0,0,0,0,0,0,0,0,0,0,0,0,0,0,0,0,0,0,11,0,0,219,0,266,5042,0,0,0,0,0,0,0,0,0,0,0,0,0,294,0,0,4370,0,0,0,1,0,0,0,0,0,0,0,0,0,96,0,0,0,0,2439,0,0,0,0,0,0,0,0,0,0,12,0,0,0,0,0,0,0,0,0,0,0,0,0,1,0,0,0,0,0,0,33,0,0,0,2,82,0,322,0,56,0,0,0,0,201,0,0,0,253,3,0,0,2,0,0,13,0,0,0,0,0,0,0,0,0,0,0,0,0,0,0,0
Diagonal_eny_002.csv,0.110000,0.000900,0,0,0,0,0,0,0,0,0,0,0,0,0,0,1,0,0,0,0,0,0,0,0,0,0,0,0,0,0,0,5,0,0,0,0,0,0,0,0,0,0,0,0,0,0,0,0,1,1,0,0,4,2,0,2,3,0,0,0,1,0,0,5,0,0,1,0,0,0,0,0,0,0,0,0,0,0,0,0,0,0,0,0,0,0,0,0,0,0,2,3,0,0,0,0,0,0,0,0,0,0,0,0,0,1,0,0,3,0,0,0,0,0,0,0,0,0,0,0,0,0,1,0,0,0,0,0,0,0,0,0,0,0,0,0,0,0,0,0,0,0,0,0,0,0,0,0,0,0,0,0,0,0,0,0,0,0,0,0,0,0,0,0,0,0,2,0,0,0,0,0,0,2,0,0,0,3,0,0,0,0,0,0,0,0,0,0,0,0,0,0,0,0,0,0,0,0,0,0,0
Diagonal_eny_002.csv,0.110000,0.001000,0,0,0,0,0,0,0,0,0,0,0,0,0,0,1,0,0,0,0,0,0,0,0,0,0,0,0,0,0,0,7,0,0,0,0,0,0,0,0,0,0,0,0,0,0,1,0,1,2,0,0,5,3,0,2,6,0,0,0,1,0,0,7,0,0,1,0,0,0,0,0,0,0,0,0,0,0,0,0,0,0,0,0,0,0,0,0,0,0,5,40,0,0,0,0,0,0,0,0,0,0,0,0,0,3,0,0,4,0,0,0,0,0,0,0,0,0,0,0,0,0,1,0,0,0,0,0,0,0,0,0,0,0,0,0,0,0,0,0,0,0,0,0,0,0,0,0,0,0,0,0,0,0,0,0,0,0,0,0,0,0,0,0,0,0,3,0,0,0,0,0,0,2,0,0,0,3,0,0,0,0,0,0,0,0,0,0,0,0,0,0,0,0,0,0,0,0,0,0,0
Diagonal_eny_002.csv,0.110000,0.002000,0,0,0,0,0,0,0,0,1,0,0,0,0,0,11,0,0,0,0,0,0,0,0,0,0,0,5,0,0,0,22,0,0,0,0,0,0,0,8,1,0,0,0,0,0,1,0,2,2,0,5,17,9,0,7,11,0,0,0,1,0,1,21,0,0,2,0,0,0,0,0,0,0,0,0,0,0,0,0,0,0,0,0,0,0,0,0,9,0,10,682,0,0,0,0,0,0,0,0,0,0,0,0,0,16,0,0,25,0,0,0,0,0,0,0,0,0,0,0,0,0,7,0,0,0,0,8,0,0,0,0,0,0,0,0,0,0,0,0,0,0,0,0,0,0,0,0,0,0,0,0,0,0,0,0,0,0,0,2,0,0,0,0,3,0,15,0,2,0,0,0,0,9,0,0,0,14,0,0,0,0,0,0,1,0,0,0,0,0,0,0,0,0,0,0,0,0,0,0,0
Diagonal_eny_002.csv,0.110000,0.003000,0,0,0,0,0,0,0,0,1,0,0,0,0,0,43,0,0,0,0,0,0,0,0,0,0,0,6,0,0,0,48,0,0,0,0,0,0,0,19,1,0,0,0,0,0,2,0,5,6,0,19,34,19,0,21,26,0,0,0,2,0,2,40,0,0,4,0,0,0,0,0,0,0,0,0,0,0,0,0,0,0,0,0,0,1,0,0,23,0,30,1341,0,0,0,0,0,0,0,0,0,0,0,0,0,35,0,0,601,0,0,0,0,0,0,0,0,0,0,0,0,0,15,0,0,0,0,19,0,0,0,0,0,0,0,0,0,0,2,0,0,0,0,0,0,0,0,0,0,0,0,0,0,0,0,0,0,0,0,6,0,0,0,0,7,0,34,0,9,0,0,0,0,17,0,0,0,31,0,0,0,0,1,0,2,0,0,0,0,0,0,0,0,0,0,0,0,0,0,0,0
Diagonal_eny_002.csv,0.110000,0.004000,0,0,0,0,0,0,0,0,2,0,0,0,0,0,71,0,0,0,0,0,0,0,0,0,0,0,10,0,0,0,82,0,0,0,0,0,0,0,38,3,0,0,0,0,0,4,0,12,7,0,43,60,31,0,36,46,0,0,0,5,0,2,73,0,0,8,0,0,0,0,0,0,0,0,0,0,0,0,0,0,0,0,0,0,3,0,0,45,0,62,2028,0,0,0,0,0,0,0,0,0,0,0,0,0,56,0,0,1262,0,0,0,0,0,0,0,0,0,0,0,0,0,19,0,0,0,0,40,0,0,0,0,0,0,0,0,0,0,2,0,0,0,0,0,0,0,0,0,0,0,0,0,0,0,0,0,0,0,0,13,0,0,0,0,14,0,68,0,18,0,0,0,0,36,0,0,0,56,0,0,0,0,1,0,3,0,0,0,0,0,0,0,0,0,0,0,0,0,0,0,0
Diagonal_eny_002.csv,0.110000,0.005000,0,0,0,0,0,0,0,0,3,0,0,0,0,0,105,0,0,0,0,0,0,0,0,0,0,0,17,0,0,0,107,0,0,0,0,0,0,0,70,6,0,0,0,0,0,6,0,19,9,0,70,89,38,0,60,72,0,0,0,7,0,3,113,0,0,10,0,0,0,0,0,0,0,0,0,0,0,0,0,0,0,0,0,0,6,0,0,77,0,93,2751,0,0,0,0,0,0,0,0,0,0,0,0,0,94,0,0,2027,0,0,0,0,0,0,0,0,0,0,0,0,0,26,0,0,0,0,504,0,0,0,0,0,0,0,0,0,0,4,0,0,0,0,0,0,0,0,0,0,0,0,0,0,0,0,0,0,0,0,18,0,0,0,0,18,0,109,0,24,0,0,0,0,66,0,0,0,96,1,0,0,0,1,0,4,0,0,0,0,0,0,0,0,0,0,0,0,0,0,0,0
Diagonal_eny_002.csv,0.110000,0.006000,0,0,0,0,0,0,0,0,5,0,0,0,0,0,154,0,0,0,0,0,0,0,0,0,0,0,25,0,0,0,146,0,0,0,0,0,0,0,104,9,0,0,0,0,0,7,0,30,14,0,104,143,54,0,90,107,0,0,0,9,0,7,163,0,0,14,0,0,0,0,0,0,0,0,0,0,0,0,0,0,0,0,0,0,6,0,0,106,0,131,3444,0,0,0,0,0,0,0,0,0,0,0,0,0,135,0,0,2755,0,0,0,0,0,0,0,0,0,0,0,0,0,37,0,0,0,0,1161,0,0,0,0,0,0,0,0,0,0,4,0,0,0,0,0,0,0,0,0,0,0,0,0,0,0,0,0,0,0,0,23,0,0,0,0,25,0,156,0,32,0,0,0,0,100,0,0,0,142,2,0,0,0,1,0,6,0,0,0,0,0,0,0,0,0,0,0,0,0,0,0,0
Diagonal_eny_002.csv,0.110000,0.007000,0,0,0,0,0,0,0,0,7,0,0,0,0,0,204,0,0,0,0,0,0,0,0,0,0,0,39,0,0,0,212,0,0,0,0,0,0,0,127,13,0,0,0,0,0,13,0,50,16,0,133,198,77,0,130,151,0,0,0,12,0,11,225,0,0,19,0,0,0,0,0,0,0,0,0,0,0,0,0,0,0,0,0,0,7,0,0,141,0,177,4163,0,0,0,0,0,0,0,0,0,0,0,0,0,178,0,0,3417,0,0,0,0,0,0,0,0,0,0,0,0,0,57,0,0,0,0,1776,0,0,0,0,0,0,0,0,0,0,6,0,0,0,0,0,0,0,0,0,0,0,0,0,0,0,0,0,0,0,0,36,0,0,0,2,36,0,205,0,42,0,0,0,0,137,0,0,0,184,2,0,0,0,2,0,8,0,0,0,0,0,0,0,0,0,0,0,0,0,0,0,0
Diagonal_eny_002.csv,0.110000,0.008000,0,0,0,0,0,0,0,0,11,0,0,0,0,0,270,0,0,0,0,0,0,0,0,0,0,0,55,0,0,0,274,0,0,0,0,0,0,0,164,16,0,0,0,0,0,14,0,63,22,0,168,264,96,0,169,185,0,0,0,15,0,12,284,0,0,22,0,0,0,0,0,0,0,0,0,0,0,0,0,0,0,0,0,0,9,0,0,179,0,256,4886,0,0,0,0,0,0,0,0,0,0,0,0,0,239,0,0,4160,0,0,0,0,0,0,0,0,0,0,0,0,0,70,0,0,0,0,2408,0,0,0,0,0,0,0,0,0,0,9,0,0,0,0,0,0,0,0,0,0,0,0,0,0,0,0,1,0,0,0,43,0,0,0,3,54,0,273,0,57,0,0,0,0,179,0,0,0,242,2,0,0,0,2,0,10,0,0,0,0,0,0,0,0,0,0,0,0,0,0,0,0
Diagonal_eny_002.csv,0.110000,0.009000,0,0,0,0,0,0,0,0,14,0,0,0,0,0,349,0,0,0,0,0,0,0,0,0,0,0,70,0,0,0,350,0,0,0,0,0,0,0,203,21,0,0,0,1,0,18,0,72,32,0,215,321,119,0,215,236,0,0,0,22,0,15,363,0,0,29,0,0,0,0,0,0,0,0,0,0,0,0,0,0,0,0,0,0,12,0,0,234,0,310,5631,0,0,0,0,0,0,0,0,0,0,0,0,0,296,0,0,4929,0,0,0,0,0,0,0,0,0,0,0,0,0,89,0,0,0,0,2754,0,0,0,0,0,0,0,0,0,0,12,0,0,0,0,0,0,0,0,0,0,0,0,0,0,0,0,1,0,0,0,55,0,0,0,4,75,0,358,0,72,0,0,0,0,221,0,0,0,298,2,0,0,1,2,0,11,0,0,0,0,0,0,0,0,0,0,0,0,0,0,0,0
Diagonal_eny_002.csv,0.120000,0.000900,0,0,0,0,0,0,0,0,0,0,0,0,0,0,4,0,0,0,0,0,0,0,0,0,0,0,0,0,0,0,4,0,0,0,0,0,0,0,3,0,0,0,0,0,0,0,0,1,0,0,3,2,1,0,5,2,0,0,0,1,0,1,10,0,0,2,0,0,0,0,0,0,0,0,0,0,0,0,0,0,0,0,0,0,0,0,0,2,0,3,2,0,0,0,0,0,0,0,0,0,0,0,0,0,4,0,0,6,0,0,0,0,0,0,0,0,0,0,0,0,0,0,0,0,0,0,0,0,0,0,0,0,0,0,0,0,0,0,0,0,0,0,0,0,0,0,0,0,0,0,0,0,0,0,0,0,0,0,1,0,0,0,0,2,0,6,0,0,0,0,0,0,1,0,0,0,4,0,0,0,0,0,0,0,0,0,0,0,0,0,0,0,0,0,0,0,0,0,0,0
Diagonal_eny_002.csv,0.120000,0.001000,0,0,0,0,0,0,0,0,0,0,0,0,0,0,4,0,0,0,0,0,0,0,0,0,0,0,0,0,0,0,6,0,0,0,0,0,0,0,3,0,0,0,0,0,0,0,0,1,1,0,4,3,2,0,5,3,0,0,0,1,0,1,10,0,0,2,0,0,0,0,0,0,0,0,0,0,0,0,0,0,0,0,0,0,0,0,0,2,0,4,46,0,0,0,0,0,0,0,0,0,0,0,0,0,5,0,0,8,0,0,0,0,0,0,0,0,0,0,0,0,0,0,0,0,0,0,0,0,0,0,0,0,0,0,0,0,0,0,0,0,0,0,0,0,0,0,0,0,0,0,0,0,0,0,0,0,0,0,1,0,0,0,0,2,0,6,0,1,0,0,0,0,1,0,0,0,4,0,0,0,0,0,0,0,0,0,0,0,0,0,0,0,0,0,0,0,0,0,0,0
Diagonal_eny_002.csv,0.120000,0.002000,0,0,0,0,0,0,0,0,0,0,0,0,0,0,18,0,0,0,0,0,0,0,0,0,0,0,1,0,0,0,15,0,0,0,0,0,0,0,13,2,0,0,0,0,0,2,0,2,1,0,13,15,6,0,17,11,0,0,0,1,0,2,24,0,0,2,0,0,0,0,0,0,0,0,0,0,0,0,0,0,0,0,0,0,0,0,0,11,0,14,763,0,0,0,0,0,0,0,0,0,0,0,0,0,16,0,0,28,0,0,0,0,0,0,0,0,0,0,0,0,0,3,0,0,0,0,6,0,0,0,0,0,0,0,0,0,0,2,0,0,0,0,0,0,0,0,0,0,0,0,0,0,0,0,0,0,0,0,2,0,0,0,0,3,0,20,0,4,0,0,0,0,5,0,0,0,14,0,0,0,0,0,0,0,0,0,0,0,0,0,0,0,0,0,0,0,0,0,0,0
Diagonal_eny_002.csv,0.120000,0.003000,0,0,0,0,0,0,0,0,0,0,0,0,0,0,43,0,0,0,0,0,0,0,0,0,0,0,6,0,0,0,37,0,0,0,0,0,0,0,29,4,0,0,0,0,0,5,0,5,5,0,31,33,12,0,31,28,0,0,0,2,0,3,42,0,0,4,0,0,0,0,0,0,0,0,0,0,0,0,0,0,0,0,0,0,0,0,0,21,0,39,1536,0,0,0,0,0,0,0,0,0,0,0,0,0,29,0,0,679,0,0,0,0,0,0,0,0,0,0,0,0,0,14,0,0,0,0,18,0,0,0,0,0,0,0,0,0,0,3,0,0,0,0,0,0,0,0,0,0,0,0,0,0,0,0,0,0,0,0,9,0,0,0,1,7,0,40,0,9,0,0,0,0,18,0,0,0,44,0,0,0,0,1,0,1,0,0,0,0,0,0,0,0,0,0,0,0,0,0,0,0
Diagonal_eny_002.csv,0.120000,0.004000,0,0,0,0,0,0,0,0,2,0,0,0,0,0,77,0,0,0,0,0,0,0,0,0,0,0,14,0,0,0,64,0,0,0,0,0,0,0,49,8,0,0,0,0,0,6,0,12,6,0,60,69,30,0,56,47,0,0,0,5,0,3,71,0,0,5,0,0,0,0,0,0,0,0,0,0,0,0,0,0,0,0,0,0,1,0,0,47,0,77,2280,0,0,0,0,0,0,0,0,0,0,0,0,0,57,0,0,1378,0,0,0,0,0,0,0,0,0,0,0,0,0,24,0,0,0,0,33,0,0,0,0,0,0,0,0,0,0,3,0,0,0,0,0,0,0,0,0,0,0,0,0,2,0,0,0,0,0,0,18,0,0,0,2,12,0,66,0,15,0,0,0,0,38,0,0,0,69,0,0,0,0,1,0,2,0,0,0,0,0,0,0,0,0,0,0,0,0,0,0,0
Diagonal_eny_002.csv,0.120000,0.005000,0,0,0,0,0,0,0,0,3,0,0,0,0,0,119,0,0,0,0,0,0,0,0,0,0,0,21,0,0,0,110,0,0,0,0,0,0,0,77,13,1,0,0,0,0,8,0,19,13,0,86,110,37,0,81,67,0,0,0,7,0,3,121,0,0,10,0,0,0,0,0,0,0,0,0,0,0,0,0,0,0,0,0,0,1,0,0,77,0,104,3040,0,0,0,0,0,0,0,0,0,0,0,0,0,105,0,0,2128,0,0,0,0,0,0,0,0,0,0,0,0,0,35,0,0,0,0,517,0,0,0,0,0,0,0,0,0,0,3,0,0,0,0,0,0,0,0,0,0,0,0,0,2,0,0,0,0,0,0,25,0,0,0,2,19,0,114,0,24,0,0,0,0,70,0,0,0,96,0,0,0,0,1,0,4,0,0,0,0,0,0,0,0,0,0,0,0,0,0,0,0
Diagonal_eny_002.csv,0.120000,0.006000,0,0,0,0,0,0,0,0,7,0,0,0,0,0,170,0,0,0,0,0,0,0,0,0,0,0,34,0,0,0,157,0,0,0,0,0,0,0,109,13,1,0,0,0,0,12,0,32,14,0,116,155,55,0,117,101,0,0,0,12,0,5,170,0,0,23,0,0,0,0,0,0,0,0,0,0,0,0,0,0,0,0,0,0,2,0,0,111,0,159,3790,0,0,1,0,0,0,0,0,0,0,0,0,0,149,0,0,2883,0,0,0,0,0,0,0,0,0,0,0,0,0,53,0,0,0,0,1253,0,0,0,0,0,0,0,0,0,0,6,0,0,0,0,0,0,0,0,0,0,0,0,0,2,0,0,0,0,0,0,33,0,0,0,2,26,0,151,0,32,0,0,0,0,112,0,0,0,140,0,0,0,1,1,0,5,0,0,0,0,0,0,0,0,0,0,0,0,0,0,0,0
Diagonal_eny_002.csv,0.120000,0.007000,0,0,0,0,0,0,0,0,8,0,0,0,0,0,243,0,0,0,0,0,0,0,0,0,0,0,41,0,0,0,227,0,0,0,0,0,0,0,154,17,1,0,0,0,0,15,0,49,18,0,155,208,81,0,163,140,0,0,0,13,0,7,233,0,0,26,0,0,0,0,0,0,0,0,0,0,0,0,0,0,0,0,0,0,2,0,0,154,0,212,4570,0,0,1,0,0,0,0,0,0,0,0,0,0,201,0,0,3688,0,0,0,0,0,0,0,0,0,0,0,0,0,69,0,0,0,0,1963,0,0,0,0,0,0,0,0,0,0,9,0,0,0,0,0,0,0,0,0,0,0,0,0,2,0,0,0,0,0,0,43,0,0,0,3,45,0,195,0,42,0,0,0,0,150,0,0,0,178,0,0,0,1,2,0,5,0,0,0,0,0,0,0,0,0,0,0,0,0,0,0,0
Diagonal_eny_002.csv,0.120000,0.008000,0,0,0,0,0,0,0,0,8,0,0,0,0,0,317,0,0,0,0,0,0,0,0,0,0,0,56,0,0,0,289,0,0,0,0,0,0,0,202,20,1,0,0,0,0,17,0,75,23,0,212,293,103,0,214,175,0,0,0,17,0,9,303,0,0,36,0,0,0,0,0,0,0,0,0,0,0,0,0,0,0,0,0,0,4,0,0,190,0,291,5361,0,0,1,0,0,0,0,0,0,0,0,0,0,255,0,0,4447,0,0,0,0,0,0,0,0,0,0,0,0,0,87,0,0,0,0,2643,0,0,0,0,0,0,0,0,0,0,11,0,0,0,0,0,0,0,0,0,0,0,0,0,3,0,0,0,0,0,0,48,0,0,0,3,64,0,271,0,51,0,0,0,0,188,0,0,0,233,0,0,0,1,2,0,10,0,0,0,0,0,0,0,0,0,0,0,0,0,0,0,0
Diagonal_eny_002.csv,0.120000,0.009000,0,0,0,0,0,0,0,0,12,0,0,0,0,0,407,0,0,0,0,0,0,0,0,0,0,0,76,0,0,0,384,0,0,0,0,0,0,0,255,27,1,0,0,0,0,25,0,91,30,0,251,354,137,0,271,224,0,0,0,24,0,11,396,0,0,48,0,0,0,0,0,0,0,0,0,0,0,0,0,0,0,0,0,0,9,0,0,252,0,367,6173,0,0,1,0,0,0,0,0,0,0,0,0,0,324,0,0,5223,0,0,0,0,0,0,0,0,0,0,0,0,0,114,0,0,0,0,3035,0,0,0,0,0,0,0,0,0,0,18,0,0,0,0,0,0,0,0,0,0,0,0,0,3,0,0,1,0,0,0,56,0,0,0,3,83,0,329,0,59,0,0,0,0,240,0,0,0,296,0,0,0,1,2,0,12,0,0,0,0,0,0,0,0,0,0,0,0,0,0,0,0
Diagonal_eny_002.csv,0.130000,0.000900,0,0,0,0,0,0,0,0,0,0,0,0,0,0,3,0,0,0,0,0,0,0,0,0,0,0,0,0,0,0,1,0,0,0,0,0,0,0,3,0,0,0,0,0,0,0,0,0,0,0,0,7,0,0,2,5,0,0,0,1,0,0,8,0,0,2,0,0,0,0,0,0,0,0,0,0,0,0,0,0,0,0,0,0,1,0,0,3,0,5,3,0,0,0,0,0,0,0,0,0,0,0,0,0,3,0,0,7,0,0,0,0,0,0,0,0,0,0,0,0,0,0,0,0,0,0,2,0,0,0,0,0,0,0,0,0,0,0,0,0,0,0,0,0,0,0,0,0,0,0,0,0,0,0,0,0,0,0,1,0,0,0,0,1,0,4,0,0,0,0,0,0,3,0,0,0,5,0,0,0,0,0,0,0,0,0,0,0,0,0,0,0,0,0,0,0,0,0,0,0
Diagonal_eny_002.csv,0.130000,0.001000,0,0,0,0,0,0,0,0,0,0,0,0,0,0,3,0,0,0,0,0,0,0,0,0,0,0,0,0,0,0,2,0,0,0,0,0,0,0,4,0,0,0,0,0,0,0,0,1,0,0,1,8,0,0,3,6,0,0,0,1,0,0,12,0,0,2,0,0,0,0,0,0,0,0,0,0,0,0,0,0,0,0,0,0,1,0,0,3,0,6,49,0,0,0,0,0,0,0,0,0,0,0,0,0,3,0,0,7,0,0,0,0,0,0,0,0,0,0,0,0,0,0,0,0,0,0,2,0,0,0,0,0,0,0,0,0,0,0,0,0,0,0,0,0,0,0,0,0,0,0,0,0,0,0,0,0,0,0,2,0,0,0,0,1,0,4,0,1,0,0,0,0,3,0,0,0,6,0,0,0,0,0,0,0,0,0,0,0,0,0,0,0,0,0,0,0,0,0,0,0
Diagonal_eny_002.csv,0.130000,0.002000,0,0,0,0,0,0,0,0,0,0,0,0,0,0,17,0,0,0,0,0,0,0,0,0,0,0,1,0,0,0,13,0,0,0,0,0,0,0,11,0,0,0,0,0,0,1,0,3,2,0,11,26,4,0,13,15,0,0,0,3,0,0,24,0,0,2,0,0,0,0,0,0,0,0,0,0,0,0,0,0,0,0,0,0,1,0,0,11,0,20,852,0,0,0,0,0,0,0,0,0,0,0,0,0,18,0,0,32,0,0,0,0,0,0,0,0,0,0,0,0,0,1,0,0,0,0,8,0,0,0,0,0,0,0,0,0,0,1,0,0,0,0,0,0,0,0,0,0,0,0,0,0,0,0,0,0,0,0,3,0,0,0,0,4,0,22,0,4,0,0,0,0,13,0,0,0,20,1,0,0,0,0,0,1,0,0,0,0,0,0,0,0,0,0,0,0,0,0,0,0
Diagonal_eny_002.csv,0.130000,0.003000,0,0,0,0,0,0,0,0,0,0,0,0,0,0,41,0,0,0,0,0,0,0,0,0,0,0,10,0,0,0,46,0,0,0,0,0,0,0,24,1,0,0,0,0,0,3,0,9,3,0,23,46,12,0,29,31,0,0,0,5,0,1,54,0,0,3,0,0,0,0,0,0,0,0,0,0,0,0,0,0,0,0,0,0,1,0,0,32,0,36,1576,0,0,0,0,0,0,0,0,0,0,0,0,0,37,0,0,713,0,0,0,0,0,0,0,0,0,0,0,0,0,7,0,0,0,0,10,0,0,0,0,0,0,0,0,0,0,1,0,0,0,0,0,0,0,0,0,0,0,0,0,0,0,0,0,0,0,0,4,0,0,0,0,7,0,38,0,10,0,0,0,0,33,0,0,0,45,1,0,0,0,1,0,1,0,0,0,0,0,0,0,0,0,0,0,0,0,0,0,0
Diagonal_eny_002.csv,0.130000,0.004000,0,0,0,0,0,0,0,0,1,0,0,0,0,0,76,0,0,0,0,0,0,0,0,0,0,0,16,0,0,0,80,0,0,0,0,0,0,0,44,4,0,0,0,0,0,4,0,16,7,0,42,86,31,0,50,46,0,0,0,6,0,1,92,0,0,6,0,0,0,0,0,0,0,0,0,0,0,0,0,0,0,0,0,0,1,0,0,56,0,62,2380,0,0,0,0,0,0,0,0,0,0,0,0,0,64,0,0,1509,0,0,0,0,0,0,0,0,0,0,0,0,0,19,0,0,0,0,29,0,0,0,0,0,0,0,0,0,0,4,0,0,0,0,0,0,0,0,0,0,0,0,0,0,0,0,1,0,0,0,5,0,0,0,0,12,0,80,0,21,0,0,0,0,59,0,0,0,65,1,0,0,0,2,0,1,0,0,0,0,0,0,0,0,0,0,0,0,0,0,0,0
Diagonal_eny_002.csv,0.130000,0.005000,0,0,0,0,0,0,0,0,1,0,0,0,0,0,134,0,0,0,0,0,0,0,0,0,0,0,24,0,0,0,131,0,0,0,0,0,0,0,65,5,0,0,0,0,0,6,0,29,13,0,71,127,46,0,81,78,0,0,0,8,0,1,153,0,0,10,0,0,0,0,0,0,0,0,0,0,0,0,0,0,0,0,0,0,3,0,0,82,0,106,3165,0,0,0,0,0,0,0,0,0,0,0,0,0,101,0,0,2356,0,0,0,0,0,0,0,0,0,0,0,0,0,28,0,0,0,0,620,0,0,0,0,0,0,0,0,0,0,6,0,0,0,0,0,0,0,0,0,0,0,0,0,0,0,0,1,0,0,0,10,0,0,0,0,23,0,127,0,27,0,0,0,0,93,0,0,0,106,1,0,0,0,2,0,3,0,0,0,0,0,0,0,0,0,0,0,0,0,0,0,0
Diagonal_eny_002.csv,0.130000,0.006000,0,0,0,0,0,0,0,0,5,0,0,0,0,0,190,0,0,0,0,0,0,0,0,0,0,0,39,0,0,0,187,0,0,0,0,0,0,0,108,8,0,0,0,0,0,7,0,40,19,0,99,188,55,0,121,120,0,0,0,13,0,3,212,0,0,15,0,0,0,0,0,0,0,0,0,0,0,0,0,0,0,0,0,0,3,0,0,117,0,155,4020,0,0,0,0,0,0,0,0,0,0,0,0,0,152,0,0,3168,0,0,0,0,0,0,0,0,0,0,0,0,0,48,0,0,0,0,1424,0,0,0,0,0,0,0,0,0,0,7,0,0,0,0,0,0,0,0,0,0,0,0,0,0,0,0,1,0,0,0,24,0,0,0,0,35,0,181,0,32,0,0,0,0,123,0,0,0,147,1,0,0,1,2,0,3,0,0,0,0,0,0,0,0,0,0,0,0,0,0,0,0
Diagonal_eny_002.csv,0.130000,0.007000,0,0,0,0,0,0,0,0,7,0,0,0,0,0,247,0,0,0,0,0,0,0,0,0,0,0,57,0,0,0,267,0,0,0,0,0,0,0,137,11,0,0,0,0,0,11,0,52,28,0,131,252,78,0,173,163,0,0,0,16,0,4,272,0,0,17,0,0,0,0,0,0,0,0,0,0,0,0,0,0,0,0,0,0,7,0,0,169,0,213,4836,0,0,0,0,0,0,0,0,0,0,0,0,0,201,0,0,3982,0,0,0,0,0,0,0,0,0,0,0,0,0,70,0,0,0,0,2183,0,0,0,0,0,0,0,0,0,0,8,0,0,0,0,0,0,0,0,0,0,0,0,0,0,0,0,1,0,0,0,35,0,0,0,0,49,0,252,0,44,0,0,0,0,168,0,0,0,198,1,0,0,1,2,0,3,0,0,0,0,0,0,0,0,0,0,0,0,0,0,0,0
Diagonal_eny_002.csv,0.130000,0.008000,0,0,0,0,0,0,0,0,7,0,0,0,0,0,321,0,0,0,0,0,0,0,0,0,0,0,68,0,0,0,345,0,0,0,0,0,0,0,189,14,0,0,0,0,0,13,0,70,32,0,175,317,101,0,220,213,0,0,0,20,0,5,363,0,0,23,0,0,0,0,0,0,0,0,0,0,0,0,0,0,0,0,0,0,11,0,0,219,0,275,5659,0,0,1,0,0,0,0,0,0,0,0,0,0,268,0,0,4800,0,0,0,0,0,0,0,0,0,0,0,0,0,88,0,0,0,0,2932,0,0,0,0,0,0,0,0,0,0,10,0,0,0,0,0,0,0,0,0,0,0,0,0,0,0,0,2,0,0,0,49,0,0,0,1,68,0,331,0,53,0,0,0,0,214,0,0,0,262,1,0,0,1,3,0,4,0,0,0,0,0,0,0,0,0,0,0,0,0,0,0,0
Diagonal_eny_002.csv,0.130000,0.009000,0,0,0,0,0,0,0,0,13,0,0,0,0,0,406,0,0,0,0,0,0,0,0,0,0,0,87,0,0,0,436,0,0,0,0,0,0,0,230,18,0,0,0,0,0,15,0,97,42,0,224,378,132,0,294,280,0,0,0,27,0,9,472,0,0,28,0,0,0,0,0,0,0,0,0,0,0,0,0,0,0,0,0,0,17,0,0,284,0,337,6513,0,0,1,0,0,0,0,0,0,0,0,0,0,345,0,0,5648,0,0,0,0,0,0,0,0,0,0,0,0,0,111,0,0,0,0,3329,0,0,0,0,0,0,0,0,0,0,16,0,0,0,0,0,0,0,0,0,0,0,0,0,0,0,0,2,0,0,0,67,0,0,0,1,82,0,419,0,68,0,0,0,0,267,0,0,0,338,1,0,0,1,3,0,7,0,0,0,0,0,0,0,0,0,0,0,0,0,0,0,0
Diagonal_eny_002.csv,0.140000,0.000900,0,0,0,0,0,0,0,0,0,0,0,0,0,0,3,0,0,0,0,0,0,0,0,0,0,0,2,0,0,0,1,0,0,0,0,0,0,0,1,0,0,0,0,0,0,0,0,0,1,0,5,2,2,0,5,5,0,0,0,0,0,1,7,0,0,1,0,0,0,0,0,0,0,0,0,0,0,0,0,0,0,0,0,0,0,0,0,2,0,5,7,0,0,0,0,0,0,0,0,0,0,0,0,0,5,0,0,7,0,0,0,0,0,0,0,0,0,0,0,0,0,3,0,0,0,0,1,0,0,0,0,0,0,0,0,0,0,0,0,0,0,0,0,0,0,0,0,0,0,0,0,0,0,0,0,0,0,0,0,0,0,0,0,1,0,4,0,1,0,0,0,0,1,0,0,0,2,0,0,0,0,0,0,0,0,0,0,0,0,0,0,0,0,0,0,0,0,0,0,0
Diagonal_eny_002.csv,0.140000,0.001000,0,0,0,0,0,0,0,0,0,0,0,0,0,0,3,0,0,0,0,0,0,0,0,0,0,0,2,0,0,0,3,0,0,0,0,0,0,0,2,1,0,0,0,0,0,0,0,0,1,0,7,3,2,0,6,5,0,0,0,0,0,1,9,0,0,1,0,0,0,0,0,0,0,0,0,0,0,0,0,0,0,0,0,0,0,0,0,2,0,9,48,0,0,0,0,0,0,0,0,0,0,0,0,0,5,0,0,9,0,0,0,0,0,0,0,0,0,0,0,0,0,3,0,0,0,0,1,0,0,0,0,0,0,0,0,0,0,0,0,0,0,0,0,0,0,0,0,0,0,0,0,0,0,0,0,0,0,0,0,0,0,0,0,1,0,6,0,1,0,0,0,0,1,0,0,0,2,0,0,0,0,0,0,0,0,0,0,0,0,0,0,0,0,0,0,0,0,0,0,0
Diagonal_eny_002.csv,0.140000,0.002000,0,0,0,0,0,0,0,0,0,0,0,0,0,0,22,0,0,0,0,0,0,0,0,0,0,0,4,0,0,0,16,0,0,0,0,0,0,0,8,1,0,0,0,0,0,0,0,3,2,0,17,20,7,0,15,12,0,0,0,0,0,1,24,0,0,1,0,0,0,0,0,0,0,0,0,0,0,0,0,0,0,0,0,0,0,0,0,12,0,23,915,0,0,0,0,0,0,0,0,0,0,0,0,0,20,0,0,28,0,0,0,0,0,0,0,0,0,0,0,0,0,8,0,0,0,0,5,0,0,0,0,0,0,0,0,0,0,1,0,0,0,0,0,0,0,0,0,0,0,0,0,0,0,0,0,0,0,0,2,0,0,0,0,3,0,26,0,4,0,0,0,0,11,0,0,0,11,0,0,0,0,0,0,0,0,0,0,0,0,0,0,0,0,0,0,0,0,0,0,0
Diagonal_eny_002.csv,0.140000,0.003000,0,0,0,0,0,0,0,0,2,0,0,0,0,0,56,0,0,0,0,0,0,0,0,0,0,0,15,0,0,0,40,0,0,0,0,0,0,0,26,4,0,0,0,0,0,0,0,5,3,0,44,53,12,0,35,32,0,0,0,1,0,1,63,0,0,2,0,0,0,0,0,0,0,0,0,0,0,0,0,0,0,0,0,0,0,0,0,26,0,45,1774,0,0,0,0,0,0,0,0,0,0,0,0,0,45,0,0,705,0,0,0,0,0,0,0,0,0,0,0,0,0,21,0,0,0,0,17,0,0,0,0,0,0,0,0,0,0,4,0,0,0,0,0,0,0,0,0,0,0,0,0,0,0,0,0,0,0,0,8,0,0,0,0,11,0,56,0,15,0,0,0,0,31,0,0,0,35,0,0,0,0,0,0,2,0,0,0,0,0,0,0,0,0,0,0,0,0,0,0,0
Diagonal_eny_002.csv,0.140000,0.004000,0,0,0,0,0,0,0,0,2,0,0,0,0,0,91,0,0,0,0,0,0,0,0,0,0,0,24,0,0,0,72,0,0,0,0,0,0,0,51,7,0,0,0,0,0,0,0,21,5,0,61,95,20,0,62,52,0,0,0,6,0,3,100,0,0,4,0,0,0,0,0,0,0,0,0,0,0,0,0,0,0,0,0,0,0,0,0,43,0,87,2611,0,0,0,0,0,0,0,0,0,0,0,0,0,83,0,0,1593,0,0,0,0,0,0,0,0,0,0,0,0,0,38,0,0,0,0,38,0,0,0,0,0,0,0,0,0,0,7,0,0,0,0,0,0,0,0,0,0,0,0,0,0,0,0,0,0,0,0,14,0,0,0,0,19,0,92,0,23,0,0,0,0,58,0,0,0,62,0,0,0,0,0,0,4,0,0,0,0,0,0,0,0,0,0,0,0,0,0,0,0
Diagonal_eny_002.csv,0.140000,0.005000,0,0,0,0,0,0,0,0,2,0,0,0,0,0,133,0,0,0,0,0,0,0,0,0,0,0,35,0,0,0,118,0,0,0,0,0,0,0,84,9,0,0,0,0,0,1,0,29,6,0,93,141,33,0,98,83,0,0,0,11,0,5,145,0,0,8,0,0,0,0,0,0,0,0,0,0,0,0,0,0,0,0,0,0,0,0,0,83,0,129,3492,0,0,0,0,0,0,0,0,0,0,0,0,0,120,0,0,2488,0,0,0,0,0,0,0,0,0,0,0,0,0,49,0,0,0,0,646,0,0,0,0,0,0,0,0,0,0,7,0,0,0,0,0,0,0,0,0,0,0,0,0,0,0,0,0,0,0,0,24,0,0,0,0,34,0,140,0,33,0,0,0,0,89,0,0,0,109,0,0,0,0,0,0,5,0,0,0,0,0,0,0,0,0,0,0,0,0,0,0,0
Diagonal_eny_002.csv,0.140000,0.006000,0,0,0,0,0,0,0,0,3,0,0,0,0,0,207,0,0,0,0,0,0,0,0,0,0,0,45,0,0,0,183,0,0,0,0,0,0,0,131,12,0,0,0,0,0,6,0,49,11,0,128,197,50,0,141,129,0,0,0,14,0,10,194,0,0,12,0,0,0,0,0,0,0,0,0,0,0,0,0,0,0,0,0,0,1,0,0,118,0,184,4375,0,0,0,0,0,0,0,0,0,0,0,0,0,174,0,0,3384,0,0,0,0,0,0,0,0,0,0,0,0,0,67,0,0,0,0,1529,0,0,0,0,0,0,0,0,0,0,7,0,0,0,0,0,0,0,0,0,0,0,0,0,0,0,0,0,0,0,0,29,0,0,0,2,45,0,191,0,48,0,0,0,0,120,0,0,0,173,0,0,0,0,0,0,9,0,0,0,0,0,0,0,0,0,0,0,0,0,0,0,0
Diagonal_eny_002.csv,0.140000,0.007000,0,0,0,0,0,0,0,0,4,0,0,0,0,0,279,0,0,0,0,0,0,0,0,0,0,0,56,0,0,0,245,0,0,0,0,0,0,0,171,15,0,0,0,0,0,7,0,70,20,0,171,262,76,0,184,184,0,0,0,17,0,14,252,0,0,22,0,0,0,0,0,0,0,0,0,0,0,0,0,0,0,0,0,0,4,0,0,156,0,244,5291,0,0,0,0,0,0,0,0,0,0,0,0,0,241,0,0,4265,0,0,0,0,0,0,0,0,0,0,0,0,0,88,0,0,0,0,2346,0,0,0,0,0,0,0,0,0,0,10,0,0,0,0,0,0,0,0,0,0,0,0,0,0,0,0,0,0,0,0,36,0,0,0,3,64,0,276,0,62,0,0,0,0,162,0,0,0,234,1,0,0,0,0,0,11,0,0,0,0,0,0,0,0,0,0,0,0,0,0,0,0
Diagonal_eny_002.csv,0.140000,0.008000,0,0,0,0,0,0,0,0,5,0,0,0,0,0,365,0,0,0,0,0,0,0,1,0,0,0,67,0,0,0,328,0,0,0,0,0,0,0,212,20,0,0,0,0,0,9,0,98,30,0,232,338,97,0,240,231,0,0,0,20,0,20,337,0,0,30,0,0,0,0,0,0,0,0,0,0,0,0,0,0,0,0,0,0,6,0,0,204,0,327,6208,0,0,1,0,0,0,0,0,0,0,0,0,0,314,0,0,5154,0,0,0,0,0,0,0,0,0,0,0,0,0,100,0,0,0,0,3124,0,0,0,0,0,0,0,0,0,0,11,0,0,0,0,0,0,0,0,0,0,0,0,0,1,0,0,1,0,0,0,52,0,0,0,4,79,0,362,0,75,0,0,0,0,210,0,0,0,290,1,0,0,0,0,0,15,0,0,0,0,0,0,0,0,0,0,0,0,0,0,0,0
Diagonal_eny_002.csv,0.140000,0.009000,0,0,0,0,0,0,0,0,7,0,0,0,0,0,472,0,0,0,0,0,0,0,1,0,0,0,88,0,0,0,437,0,0,0,0,0,0,0,275,22,0,0,0,0,0,15,0,115,36,0,288,423,116,0,306,283,0,0,0,31,0,25,455,0,0,41,0,0,0,0,0,0,0,0,0,0,0,0,0,0,0,0,0,0,10,0,0,263,0,398,7155,0,0,2,0,0,0,0,0,0,0,0,0,0,397,0,0,6102,0,0,0,0,0,0,0,0,0,0,0,0,0,130,0,0,0,0,3576,0,0,0,0,0,0,0,0,0,0,17,0,0,0,0,0,0,0,0,0,0,0,0,0,1,0,0,2,0,0,0,68,0,0,0,4,106,0,454,0,94,0,0,0,0,259,0,0,0,355,1,0,0,1,1,0,18,0,0,0,0,0,0,0,0,0,0,0,0,0,0,0,0
Diagonal_eny_002.csv,0.150000,0.000900,0,0,0,0,0,0,0,0,0,0,0,0,0,0,2,0,0,0,0,0,0,0,0,0,0,0,0,0,0,0,5,0,0,0,0,0,0,0,1,0,0,0,0,0,0,0,0,2,0,0,5,5,1,0,2,3,0,0,0,0,0,1,8,0,0,1,0,0,0,0,0,0,0,0,0,0,0,0,0,0,0,0,0,0,0,0,0,1,0,3,9,0,0,0,0,0,0,0,0,0,0,0,0,0,2,0,0,3,0,0,0,0,0,0,0,0,0,0,0,0,0,2,0,0,0,0,0,0,0,0,0,0,0,0,0,0,0,0,0,0,0,0,0,0,0,0,0,0,0,0,0,0,0,0,1,0,0,0,0,0,0,0,0,2,0,4,0,2,0,0,0,0,2,0,0,0,3,0,0,0,0,0,0,0,0,0,0,0,0,0,0,0,0,0,0,0,0,0,0,0
Diagonal_eny_002.csv,0.150000,0.001000,0,0,0,0,0,0,0,0,0,0,0,0,0,0,3,0,0,0,0,0,0,0,0,0,0,0,0,0,0,0,7,0,0,0,0,0,0,0,2,0,0,0,0,0,0,1,0,3,0,0,5,5,1,0,4,3,0,0,0,0,0,1,10,0,0,1,0,0,0,0,0,0,0,0,0,0,0,0,0,0,0,0,0,0,0,0,0,2,0,6,69,0,0,0,0,0,0,0,0,0,0,0,0,0,3,0,0,5,0,0,0,0,0,0,0,0,0,0,0,0,0,3,0,0,0,0,1,0,0,0,0,0,0,0,0,0,0,0,0,0,0,0,0,0,0,0,0,0,0,0,0,0,0,0,1,0,0,0,0,0,0,0,0,2,0,7,0,3,0,0,0,0,2,0,0,0,4,0,0,0,0,0,0,0,0,0,0,0,0,0,0,0,0,0,0,0,0,0,0,0
Diagonal_eny_002.csv,0.150000,0.002000,0,0,0,0,0,0,0,0,1,0,0,0,0,0,36,0,0,0,0,0,0,0,0,0,0,0,4,0,0,0,34,0,0,0,0,0,0,0,12,2,0,0,0,0,0,1,0,7,1,0,14,22,6,0,10,10,0,0,0,2,0,2,34,0,0,1,0,0,0,0,0,0,0,0,0,0,0,0,0,0,0,0,0,0,0,0,0,13,0,19,991,0,0,0,0,0,0,0,0,0,0,0,0,0,20,0,0,25,0,0,0,0,0,0,0,0,0,0,0,0,0,8,0,0,0,0,12,0,0,0,0,0,0,0,0,0,0,0,0,0,0,0,0,0,0,0,0,0,0,0,0,0,0,0,1,0,0,0,1,0,0,0,0,6,0,19,0,7,0,0,0,0,17,0,0,0,19,0,0,0,0,0,0,1,0,0,0,0,0,0,0,0,0,0,0,0,0,0,0,0
Diagonal_eny_002.csv,0.150000,0.003000,0,0,0,0,0,0,0,0,2,0,0,0,0,0,73,0,0,0,0,0,0,0,0,0,0,0,9,0,0,0,68,0,0,0,0,0,0,0,25,2,0,0,0,0,0,2,0,8,3,0,30,52,14,0,30,29,0,0,0,6,0,3,61,0,0,1,0,0,0,0,0,0,0,0,0,0,0,0,0,0,0,0,0,0,2,0,0,32,0,48,1903,0,0,0,0,0,0,0,0,0,0,0,0,0,47,0,0,810,0,0,0,0,0,0,0,0,0,0,0,0,0,17,0,0,0,0,29,0,0,0,0,0,0,0,0,0,0,1,0,0,0,0,0,0,0,0,0,0,0,0,0,0,0,0,1,0,0,0,10,0,0,0,1,10,0,48,0,12,0,0,0,0,44,0,0,0,43,0,0,0,0,0,0,3,0,0,0,0,0,0,0,0,0,0,0,0,0,0,0,0
Diagonal_eny_002.csv,0.150000,0.004000,0,0,0,0,0,0,0,0,2,0,0,0,0,0,109,0,0,0,0,0,0,0,0,0,0,0,18,0,0,0,116,0,0,0,0,0,0,0,46,4,0,0,0,0,0,7,0,16,3,0,49,99,27,0,53,56,0,0,0,7,0,4,94,0,0,7,0,0,0,0,0,0,0,0,0,0,0,0,0,0,0,0,0,0,4,0,0,68,0,88,2840,0,0,0,0,0,0,0,0,0,0,0,0,0,89,0,0,1724,0,0,0,0,0,0,0,0,0,0,0,0,0,25,0,0,0,0,56,0,0,0,0,0,0,0,0,0,0,4,0,0,0,0,0,0,0,0,0,0,0,0,0,0,0,0,1,0,0,0,14,0,0,0,2,22,0,89,0,20,0,0,0,0,69,0,0,0,68,0,0,0,0,0,0,4,0,0,0,0,0,0,0,0,0,0,0,0,0,0,0,0
Diagonal_eny_002.csv,0.150000,0.005000,0,0,0,0,0,0,0,0,2,0,0,0,0,0,159,0,0,0,0,0,0,0,0,0,0,0,29,0,0,0,173,0,0,0,0,0,0,0,82,9,0,0,0,0,0,8,0,27,6,0,82,160,43,0,83,80,0,0,0,12,0,6,158,0,0,10,0,0,0,0,0,0,0,0,0,0,0,0,0,0,0,0,0,0,4,0,0,91,0,140,3801,0,0,0,0,0,0,0,0,0,0,0,0,0,138,0,0,2711,0,0,0,0,0,0,0,0,0,0,0,0,0,39,0,0,0,0,668,0,0,0,0,0,0,0,0,0,0,5,0,0,0,0,0,0,0,0,0,0,0,0,0,0,0,0,1,0,0,0,23,0,0,0,2,30,0,143,0,30,0,0,0,0,106,0,0,0,113,0,0,0,0,0,0,5,0,0,0,0,0,0,0,0,0,0,0,0,0,0,0,0
Diagonal_eny_002.csv,0.150000,0.006000,0,0,0,0,0,0,0,0,6,0,0,0,0,0,224,0,0,0,0,0,0,0,0,0,0,0,40,0,0,0,245,0,0,0,0,0,0,0,134,14,0,0,0,0,0,12,0,42,11,0,111,227,64,0,128,127,0,0,0,17,0,11,232,0,0,22,0,0,0,0,0,0,0,0,0,0,0,0,0,0,0,0,0,0,5,0,0,125,0,200,4807,0,0,1,0,0,0,0,0,0,0,0,0,0,199,0,0,3659,0,0,0,0,0,0,0,0,0,0,0,0,0,53,0,0,0,0,1614,0,0,0,0,0,0,0,0,0,0,7,0,0,0,0,0,0,0,0,0,0,0,0,0,0,0,0,1,0,0,0,32,0,0,0,3,40,0,208,0,38,0,0,0,0,158,0,0,0,168,0,0,0,0,1,0,9,0,0,0,0,0,0,0,0,0,0,0,0,0,0,0,0
Diagonal_eny_002.csv,0.150000,0.007000,0,0,0,0,0,0,0,0,6,0,0,0,0,0,297,0,0,0,0,0,0,0,0,0,0,0,54,0,0,0,317,0,0,0,0,0,0,0,177,17,0,0,0,0,0,14,0,55,22,0,149,295,92,0,191,164,0,0,0,25,0,15,309,0,0,30,0,0,0,0,0,0,0,0,0,0,0,0,0,0,0,0,0,0,7,0,0,180,0,266,5804,0,0,1,0,0,0,0,0,0,0,0,0,0,261,0,0,4615,0,0,0,0,0,0,0,0,0,0,0,0,0,69,0,0,0,0,2534,0,0,0,0,0,0,0,0,0,0,10,0,0,0,0,0,0,0,0,0,0,0,0,0,0,0,0,2,0,0,0,44,0,0,0,4,54,0,288,0,48,0,0,0,0,200,0,0,0,229,0,0,0,1,1,0,11,0,0,0,0,0,0,0,0,0,0,0,0,0,0,0,0
Diagonal_eny_002.csv,0.150000,0.008000,0,0,0,0,0,0,0,0,8,0,0,0,0,0,386,0,0,0,0,0,0,0,0,0,0,0,74,0,0,0,399,0,0,0,0,0,0,0,239,23,0,0,0,0,0,15,0,86,27,0,200,374,119,0,242,221,0,0,0,37,0,17,400,0,0,38,0,0,0,0,0,0,0,0,0,0,0,0,0,0,0,0,0,0,10,0,0,243,0,351,6783,0,0,1,0,0,0,0,0,0,0,0,0,0,329,0,0,5587,0,0,0,0,0,0,0,0,0,0,0,0,0,94,0,0,0,0,3397,0,0,0,0,0,0,0,0,0,0,15,0,0,0,0,0,0,0,0,0,0,0,0,0,1,0,0,4,0,0,0,56,0,0,0,6,74,0,378,0,61,0,0,0,0,254,0,0,0,287,0,0,0,1,1,0,13,0,0,0,0,0,0,0,0,0,0,0,0,0,0,0,0
Diagonal_eny_002.csv,0.150000,0.009000,0,0,0,0,0,0,0,0,11,0,0,0,0,0,512,0,0,0,0,0,0,0,0,0,0,0,88,0,0,0,515,0,0,0,0,0,0,0,304,31,0,0,0,0,0,16,0,105,37,0,261,457,160,0,327,295,0,0,0,42,0,19,511,0,0,51,0,0,0,0,0,0,0,0,0,0,0,0,0,0,0,0,0,0,15,0,0,314,0,440,7816,0,0,1,0,0,0,0,0,0,0,0,0,0,430,0,0,6628,0,0,0,0,0,0,0,0,0,0,0,0,0,120,0,0,0,0,3884,0,0,0,0,0,0,0,0,0,0,18,0,0,0,0,0,0,0,0,0,0,0,0,0,2,0,0,4,0,0,0,69,0,0,0,7,89,0,478,0,78,0,0,0,0,315,0,0,0,366,1,0,0,2,2,0,16,0,0,0,0,0,0,0,0,0,0,0,0,0,0,0,0
Diagonal_eny_002.csv,0.160000,0.000900,0,0,0,0,0,0,0,0,0,0,0,0,0,0,4,0,0,0,0,0,0,0,0,0,0,0,1,0,0,0,3,0,0,0,0,0,0,0,2,0,0,0,0,0,0,0,0,3,1,0,4,7,3,0,6,2,0,0,0,1,0,1,8,0,0,1,0,0,0,0,0,0,0,0,0,0,0,0,0,0,0,0,0,0,0,0,0,1,0,5,1,0,0,0,0,0,0,0,0,0,0,0,0,0,3,0,0,6,0,0,0,0,0,0,0,0,0,0,0,0,0,2,0,0,0,0,2,0,0,0,0,0,0,0,0,0,0,1,0,0,0,0,0,0,0,0,0,0,0,0,0,0,0,0,0,0,0,0,0,0,0,0,0,0,0,3,0,0,0,0,0,0,1,0,0,0,9,0,0,0,0,0,0,0,0,0,0,0,0,0,0,0,0,0,0,0,0,0,0,0
Diagonal_eny_002.csv,0.160000,0.001000,0,0,0,0,0,0,0,0,0,0,0,0,0,0,5,0,0,0,0,0,0,0,0,0,0,0,1,0,0,0,6,0,0,0,0,0,0,0,2,0,0,0,0,0,0,0,0,4,1,0,5,8,3,0,6,3,0,0,0,1,0,1,10,0,0,1,0,0,0,0,0,0,0,0,0,0,0,0,0,0,0,0,0,0,0,0,0,1,0,8,60,0,0,0,0,0,0,0,0,0,0,0,0,0,4,0,0,8,0,0,0,0,0,0,0,0,0,0,0,0,0,2,0,0,0,0,2,0,0,0,0,0,0,0,0,0,0,1,0,0,0,0,0,0,0,0,0,0,0,0,0,0,0,0,0,0,0,0,0,0,0,0,0,0,0,5,0,0,0,0,0,0,1,0,0,0,10,0,0,0,0,0,0,0,0,0,0,0,0,0,0,0,0,0,0,0,0,0,0,0
Diagonal_eny_002.csv,0.160000,0.002000,0,0,0,0,0,0,0,0,0,0,0,0,0,0,27,0,0,0,0,0,0,0,0,0,0,0,4,0,0,0,20,0,0,0,0,0,0,0,10,1,0,0,0,0,0,2,0,12,1,0,13,26,12,0,20,13,0,0,0,1,0,1,27,0,0,2,0,0,0,0,0,0,0,0,0,0,0,0,0,0,0,0,0,0,1,0,0,21,0,24,1050,0,0,0,0,0,0,0,0,0,0,0,0,0,25,0,0,35,0,0,0,0,0,0,0,0,0,0,0,0,0,8,0,0,0,0,12,0,0,0,0,0,0,0,0,0,0,2,0,0,0,0,0,0,0,0,0,0,0,0,0,0,0,0,0,0,0,0,2,0,0,0,0,4,0,30,0,2,0,0,0,0,14,0,0,0,28,0,0,0,0,0,0,1,0,0,0,0,0,0,0,0,0,0,0,0,0,0,0,0
Diagonal_eny_002.csv,0.160000,0.003000,0,0,0,0,0,0,0,0,0,0,0,0,0,0,75,0,0,0,0,0,0,0,0,0,0,0,12,0,0,0,52,0,0,0,0,0,0,0,25,3,0,0,0,0,0,3,0,15,3,0,27,57,25,0,38,38,0,0,0,5,0,3,45,0,0,3,0,0,0,0,0,0,0,0,0,0,0,0,0,0,0,0,0,0,1,0,0,41,0,56,1971,0,0,0,0,0,0,0,0,0,0,0,0,0,52,0,0,923,0,0,0,0,0,0,0,0,0,0,0,0,0,17,0,0,0,0,28,0,0,0,0,0,0,0,0,0,0,5,0,0,0,0,0,0,0,0,0,0,0,0,0,0,0,0,0,0,0,0,7,0,0,0,0,12,0,67,0,9,0,0,0,0,34,0,0,0,53,0,0,0,0,0,0,2,0,0,0,0,0,0,0,0,0,0,0,0,0,0,0,0
Diagonal_eny_002.csv,0.160000,0.004000,0,0,0,0,0,0,0,0,1,0,0,0,0,0,113,0,0,0,0,0,0,0,0,0,0,0,16,0,0,0,87,0,0,0,0,0,0,0,48,3,0,0,0,0,0,6,0,22,8,0,47,101,35,0,66,73,0,0,0,8,0,4,89,0,0,5,0,0,0,0,0,0,0,0,0,0,0,0,0,0,0,0,0,0,2,0,0,71,0,89,2998,0,0,0,0,0,0,0,0,0,0,0,0,0,93,0,0,1906,0,0,0,0,0,0,0,0,0,0,0,0,0,35,0,0,0,0,53,0,0,0,0,0,0,0,0,0,0,7,0,0,0,0,0,0,0,0,0,0,0,0,0,0,0,0,0,0,0,0,12,0,0,0,1,26,0,110,0,16,0,0,0,0,68,0,0,0,81,0,0,0,0,1,0,4,0,0,0,0,0,0,0,0,0,0,0,0,0,0,0,0
Diagonal_eny_002.csv,0.160000,0.005000,0,0,0,0,0,0,0,0,1,0,0,0,0,0,163,0,0,0,0,0,0,0,0,0,0,0,27,0,0,0,142,0,0,0,0,0,0,0,79,7,0,0,0,0,0,10,0,32,13,0,82,159,50,0,105,101,0,0,0,8,0,4,145,0,0,7,0,0,0,0,0,0,0,0,0,0,0,0,0,0,0,0,0,0,5,0,0,112,0,117,3984,0,0,0,0,0,0,0,0,0,0,0,0,0,129,0,0,2904,0,0,0,0,0,0,0,0,0,0,0,0,0,53,0,0,0,0,709,0,0,0,0,0,0,0,0,0,0,10,0,0,0,0,0,0,0,0,0,0,0,0,0,0,0,0,0,0,0,0,15,0,0,0,1,38,0,167,0,24,0,0,0,0,110,0,0,0,121,1,0,0,0,1,0,4,0,0,0,0,0,0,0,0,0,0,0,0,0,0,0,0
Diagonal_eny_002.csv,0.160000,0.006000,0,0,0,0,0,0,0,0,6,0,0,0,0,0,218,0,0,0,0,0,0,0,0,0,0,0,44,0,0,0,207,0,0,0,0,0,0,0,130,10,0,0,0,0,0,11,0,53,19,0,118,233,79,0,144,128,0,0,0,12,0,7,211,0,0,14,0,0,0,0,0,0,0,0,0,0,0,0,0,0,0,0,0,0,5,0,0,153,0,170,4989,0,0,1,0,0,0,0,0,0,0,0,0,0,192,0,0,3908,0,0,0,0,0,0,0,0,0,0,0,0,0,75,0,0,0,0,1677,0,0,0,0,0,0,0,0,0,0,14,0,0,0,0,0,0,0,0,0,0,0,0,0,0,0,0,0,0,0,0,27,0,0,0,1,49,0,231,0,30,0,0,0,0,154,0,0,0,176,1,0,0,0,2,0,8,0,0,0,0,0,0,0,0,0,0,0,0,0,0,0,0
Diagonal_eny_002.csv,0.160000,0.007000,0,0,0,0,0,0,0,0,8,0,0,0,0,0,313,0,0,0,0,0,0,0,0,0,0,0,59,0,0,0,305,0,0,0,0,0,0,0,176,18,0,0,0,0,0,15,0,80,26,0,155,315,108,0,203,189,0,0,0,15,0,13,293,0,0,24,0,0,0,0,0,0,0,0,0,0,0,0,0,0,0,0,0,0,7,0,0,202,0,240,5982,0,0,1,0,0,0,0,0,0,0,0,0,0,268,0,0,4909,0,0,0,0,0,0,0,0,0,0,0,0,0,95,0,0,0,0,2607,0,0,0,0,0,0,0,0,0,0,16,0,0,0,0,0,0,0,0,0,0,0,0,0,0,0,0,0,0,0,0,39,0,0,0,1,78,0,315,0,45,0,0,0,0,198,0,0,0,239,2,0,0,0,2,0,9,0,0,0,0,0,0,0,0,0,0,0,0,0,0,0,0
Diagonal_eny_002.csv,0.160000,0.008000,0,0,0,0,0,0,0,0,10,0,0,0,0,0,408,0,0,0,0,0,0,0,0,0,0,0,79,0,0,0,416,0,0,0,0,0,0,0,257,23,0,0,0,0,0,19,0,101,33,0,209,398,145,0,247,258,0,0,0,20,0,17,400,0,0,37,0,0,0,0,0,0,0,0,0,0,0,0,0,0,0,0,0,0,9,0,0,263,0,324,7052,0,0,1,0,0,0,0,0,0,0,0,0,0,359,0,0,5962,0,0,0,0,0,0,0,0,0,0,0,0,0,109,0,0,0,0,3525,0,0,0,0,0,0,0,0,0,0,19,0,0,0,0,0,0,0,0,0,0,0,0,0,1,0,0,0,0,0,0,47,0,0,0,3,100,0,405,0,62,0,0,0,0,249,0,0,0,311,2,0,0,0,2,0,9,0,0,0,0,0,0,0,0,0,0,0,0,0,0,0,0
Diagonal_eny_002.csv,0.160000,0.009000,0,0,0,0,0,0,0,0,10,0,0,0,0,0,525,0,0,0,0,0,0,0,0,0,0,0,100,0,0,0,532,0,0,0,0,0,0,0,329,28,0,0,0,0,0,27,0,123,43,0,265,492,176,0,330,326,0,0,0,26,0,25,518,0,0,47,0,0,0,0,0,0,0,0,0,0,0,0,0,0,0,0,0,0,14,0,0,337,0,415,8110,0,0,1,0,0,0,0,0,0,0,0,0,0,449,0,0,6995,0,0,0,0,0,0,0,0,0,0,0,0,0,148,0,0,0,0,4035,0,0,0,0,0,0,0,0,0,0,22,0,0,0,0,0,0,0,0,0,0,0,0,0,1,0,0,1,0,0,0,67,0,0,0,4,124,0,516,0,74,0,0,0,0,314,0,0,0,395,2,0,0,0,3,0,11,0,0,0,0,0,0,0,0,0,0,0,0,0,0,0,0
Diagonal_eny_002.csv,0.170000,0.000900,0,0,0,0,0,0,0,0,0,0,0,0,0,0,4,0,0,0,0,0,0,0,0,0,0,0,0,0,0,0,8,0,0,0,0,0,0,0,6,0,0,0,0,0,0,0,0,1,0,0,5,4,2,0,3,4,0,0,0,0,0,2,9,0,0,2,0,0,0,0,0,0,0,0,0,0,0,0,0,0,0,0,0,0,0,0,0,2,0,9,7,0,0,0,0,0,0,0,0,0,0,0,0,0,4,0,0,7,0,0,0,0,0,0,0,0,0,0,0,0,0,0,0,0,0,0,2,0,0,0,0,0,0,0,0,0,0,0,0,0,0,0,0,0,0,0,0,0,0,0,0,0,0,0,0,0,0,0,0,0,0,0,0,0,0,5,0,0,0,0,0,0,2,0,0,0,8,0,0,0,0,0,0,0,0,0,0,0,0,0,0,0,0,0,0,0,0,0,0,0
Diagonal_eny_002.csv,0.170000,0.001000,0,0,0,0,0,0,0,0,0,0,0,0,0,0,4,0,0,0,0,0,0,0,0,0,0,0,0,0,0,0,14,0,0,0,0,0,0,0,6,0,0,0,0,0,0,1,0,1,0,0,8,4,2,0,4,7,0,0,0,0,0,2,10,0,0,2,0,0,0,0,0,0,0,0,0,0,0,0,0,0,0,0,0,0,0,0,0,3,0,10,72,0,0,0,0,0,0,0,0,0,0,0,0,0,5,0,0,10,0,0,0,0,0,0,0,0,0,0,0,0,0,0,0,0,0,0,2,0,0,0,0,0,0,0,0,0,0,0,0,0,0,0,0,0,0,0,0,0,0,0,0,0,0,0,0,0,0,0,0,0,0,0,0,0,0,6,0,1,0,0,0,0,2,0,0,0,9,0,0,0,0,0,0,0,0,0,0,0,0,0,0,0,0,0,0,0,0,0,0,0
Diagonal_eny_002.csv,0.170000,0.002000,0,0,0,0,0,0,0,0,0,0,0,0,0,0,24,0,0,0,0,0,0,0,0,0,0,0,2,0,0,0,37,0,0,0,0,0,0,0,15,1,0,0,0,0,0,2,0,7,1,0,17,30,10,0,18,19,0,0,0,0,0,3,18,0,0,3,0,0,0,0,0,0,0,0,0,0,0,0,0,0,0,0,0,0,3,0,0,16,0,23,1092,0,0,0,0,0,0,0,0,0,0,0,0,0,23,0,0,34,0,0,0,0,0,0,0,0,0,0,0,0,0,5,0,0,0,0,16,0,0,0,0,0,0,0,0,0,0,0,0,0,0,0,0,0,0,0,0,0,0,0,0,0,0,0,0,0,0,0,1,0,0,0,0,3,0,27,0,6,0,0,0,0,11,0,0,0,24,0,0,0,0,0,0,0,0,0,0,0,0,0,0,0,0,0,0,0,0,0,0,0
Diagonal_eny_002.csv,0.170000,0.003000,0,0,0,0,0,0,0,0,0,0,0,0,0,0,67,0,0,0,0,0,0,0,0,0,0,0,11,0,0,0,80,0,0,0,0,0,0,0,40,2,0,0,0,0,0,5,0,13,6,0,41,63,17,0,39,48,0,0,0,4,0,7,56,0,0,5,0,0,0,0,0,0,0,0,0,0,0,0,0,0,0,0,0,0,3,0,0,34,0,52,2114,0,0,0,0,0,0,0,0,0,0,0,0,0,62,0,0,950,0,0,0,0,0,0,0,0,0,0,0,0,0,13,0,0,0,0,31,0,0,0,0,0,0,0,0,0,0,2,0,0,0,0,0,0,0,0,0,0,0,0,0,0,0,0,0,0,0,0,8,0,0,0,0,10,0,64,0,14,0,0,0,0,33,0,0,0,53,0,0,0,0,0,0,3,0,0,0,0,0,0,0,0,0,0,0,0,0,0,0,0
Diagonal_eny_002.csv,0.170000,0.004000,0,0,0,0,0,0,0,0,0,0,0,0,0,0,125,0,0,0,0,0,0,0,0,0,0,0,19,0,0,0,135,0,0,0,0,0,0,0,73,7,0,0,0,0,0,8,0,24,6,0,61,102,35,0,67,76,0,0,0,5,0,8,92,0,0,11,0,0,0,0,0,0,0,0,0,0,0,0,0,0,0,0,0,0,3,0,0,58,0,86,3213,0,0,0,0,0,0,0,0,0,0,0,0,0,107,0,0,1973,0,0,0,0,0,0,0,0,0,0,0,0,0,26,0,0,0,0,59,0,0,0,0,0,0,0,0,0,0,4,0,0,0,0,0,0,0,0,0,0,0,0,0,1,0,0,0,0,0,0,15,0,0,0,0,22,0,119,0,30,0,0,0,0,68,0,0,0,79,0,0,0,0,0,0,5,0,0,0,0,0,0,0,0,0,0,0,0,0,0,0,0
Diagonal_eny_002.csv,0.170000,0.005000,0,0,0,0,0,0,0,0,1,0,0,0,0,0,185,0,0,0,0,0,0,0,0,0,0,0,36,0,0,0,189,0,0,0,0,0,0,0,115,12,0,0,0,0,0,9,0,37,7,0,98,154,53,0,107,104,0,0,0,9,0,9,160,0,0,16,0,0,0,0,0,0,0,0,0,0,0,0,0,0,0,0,0,0,5,0,0,96,0,144,4301,0,0,0,0,0,0,0,0,0,0,0,0,0,163,0,0,3076,0,0,0,0,0,0,0,0,0,0,0,0,0,37,0,0,0,0,784,0,0,0,0,0,0,0,0,0,0,7,0,0,0,0,0,0,0,0,0,0,0,0,0,1,0,0,0,0,0,0,25,0,0,0,0,29,0,179,0,42,0,0,0,0,112,0,0,0,135,1,0,0,0,0,0,6,0,0,0,0,0,0,0,0,0,0,0,0,0,0,0,0
Diagonal_eny_002.csv,0.170000,0.006000,0,0,0,0,0,0,0,0,1,0,0,0,0,0,260,0,0,0,0,0,0,0,0,0,0,0,52,0,0,0,261,0,0,0,0,0,0,0,159,16,0,0,0,0,0,11,0,59,14,0,138,213,73,0,155,151,0,0,0,14,0,12,225,0,0,22,0,0,0,0,0,0,0,0,0,0,0,0,0,0,0,0,0,0,9,0,0,140,0,212,5407,0,0,0,0,0,0,0,0,0,0,0,0,0,222,0,0,4187,0,0,0,0,0,0,0,0,0,0,0,0,0,53,0,0,0,0,1824,0,0,0,0,0,0,0,0,0,0,8,0,0,0,0,0,0,0,0,0,0,0,0,0,1,0,0,0,0,0,0,37,0,0,0,1,46,0,237,0,50,0,0,0,0,156,0,0,0,184,2,0,0,1,0,0,6,0,0,0,0,0,0,0,0,0,0,0,0,0,0,0,0
Diagonal_eny_002.csv,0.170000,0.007000,0,0,0,0,0,0,0,0,6,0,0,0,0,0,341,0,0,0,0,0,0,0,0,0,0,0,69,0,0,0,359,0,0,0,0,0,0,0,203,22,0,0,0,0,0,16,0,80,21,0,181,293,94,0,229,212,0,0,0,21,0,15,318,0,0,27,0,0,0,0,0,0,0,0,0,0,0,0,0,0,0,0,0,0,10,0,0,201,0,274,6478,0,0,0,0,0,0,0,0,0,0,0,0,0,299,0,0,5274,0,0,0,0,0,0,0,0,0,0,0,0,0,73,0,0,0,0,2807,0,0,0,0,0,0,0,0,0,0,12,0,0,0,0,0,0,0,0,0,0,0,0,0,1,0,0,0,0,0,0,56,0,0,0,2,74,0,321,0,73,0,0,0,0,213,0,0,0,240,2,0,0,1,0,0,7,0,0,0,0,0,0,0,0,0,0,0,0,0,0,0,0
Diagonal_eny_002.csv,0.170000,0.008000,0,0,0,0,0,0,0,0,12,0,0,0,0,0,431,0,0,0,0,0,0,0,0,0,0,0,88,0,0,0,469,0,0,0,0,0,0,0,281,30,0,0,0,0,0,20,0,109,30,0,245,385,122,0,290,281,0,0,0,29,0,20,436,0,0,42,0,0,0,0,0,0,0,0,0,0,0,0,0,0,0,0,0,0,13,0,0,259,0,351,7675,0,0,0,0,0,0,0,0,0,0,0,0,0,375,0,0,6358,0,0,0,0,0,0,0,0,0,0,0,0,0,102,0,0,0,0,3770,0,0,0,0,0,0,0,0,0,0,15,0,0,0,0,0,0,0,0,0,0,0,0,0,2,0,0,0,0,0,0,67,0,0,0,2,94,0,413,0,88,0,0,0,0,274,0,0,0,320,2,0,0,1,0,0,10,0,0,0,0,0,0,0,0,0,0,0,0,0,0,0,0
Diagonal_eny_002.csv,0.170000,0.009000,0,0,0,0,0,0,0,0,13,0,0,0,0,0,543,0,0,0,0,0,0,0,0,0,0,0,107,0,0,0,591,0,0,0,0,0,0,0,342,37,0,0,0,0,0,21,0,128,41,0,319,512,163,0,357,363,0,0,0,39,0,21,546,0,0,53,0,0,0,0,0,0,0,0,0,0,0,0,0,0,0,0,0,0,15,0,0,345,0,436,8827,0,0,1,0,0,0,0,0,0,0,0,0,0,463,0,0,7489,0,0,0,0,0,0,0,0,0,0,0,0,0,137,0,0,0,0,4314,0,0,0,0,0,0,0,0,0,0,23,0,0,0,0,0,0,0,0,0,0,0,0,0,2,0,0,0,0,0,0,88,0,0,0,4,130,0,515,0,109,0,0,0,0,341,0,0,0,405,2,0,0,1,0,0,12,0,0,0,0,0,0,0,0,0,0,0,0,0,0,0,0
Diagonal_eny_002.csv,0.180000,0.000900,0,0,0,0,0,0,0,0,0,0,0,0,0,0,4,0,0,0,0,0,0,0,0,0,0,0,1,0,0,0,8,0,0,0,0,0,0,0,2,0,0,0,0,0,0,0,0,2,0,0,2,4,1,0,3,4,0,0,0,1,0,0,5,0,0,2,0,0,0,0,0,0,0,0,0,0,0,0,0,0,0,0,0,0,1,0,0,3,0,6,4,0,0,0,0,0,0,0,0,0,0,0,0,0,5,0,0,9,0,0,0,0,0,0,0,0,0,0,0,0,0,1,0,0,0,0,1,0,0,0,0,0,0,0,0,0,0,0,0,0,0,0,0,0,0,0,0,0,0,0,0,0,0,0,1,0,0,0,0,0,0,0,0,2,0,6,0,1,0,0,0,0,2,0,0,0,3,0,0,0,0,0,0,0,0,0,0,0,0,0,0,0,0,0,0,0,0,0,0,0
Diagonal_eny_002.csv,0.180000,0.001000,0,0,0,0,0,0,0,0,0,0,0,0,0,0,5,0,0,0,0,0,0,0,0,0,0,0,2,0,0,0,13,0,0,0,0,0,0,0,2,0,0,0,0,0,0,1,0,2,0,0,2,4,2,0,4,6,0,0,0,1,0,0,6,0,0,2,0,0,0,0,0,0,0,0,0,0,0,0,0,0,0,0,0,0,1,0,0,3,0,10,64,0,0,0,0,0,0,0,0,0,0,0,0,0,6,0,0,11,0,0,0,0,0,0,0,0,0,0,0,0,0,2,0,0,0,0,2,0,0,0,0,0,0,0,0,0,0,1,0,0,0,0,0,0,0,0,0,0,0,0,0,0,0,0,1,0,0,0,0,0,0,0,0,2,0,7,0,1,0,0,0,0,3,0,0,0,3,0,0,0,0,0,0,0,0,0,0,0,0,0,0,0,0,0,0,0,0,0,0,0
Diagonal_eny_002.csv,0.180000,0.002000,0,0,0,0,0,0,0,0,1,0,0,0,0,0,27,0,0,0,0,0,0,0,0,0,0,0,6,0,0,0,31,0,0,0,0,0,0,0,15,2,0,0,0,0,0,2,0,9,0,0,11,20,9,0,18,16,0,0,0,3,0,0,18,0,0,6,0,0,0,0,0,0,0,0,0,0,0,0,0,0,0,0,0,0,2,0,0,14,0,25,1117,0,0,0,0,0,0,0,0,0,0,0,0,0,23,0,0,33,0,0,0,0,0,0,0,0,0,0,0,0,0,6,0,0,0,0,17,0,0,0,0,0,0,0,0,0,0,2,0,0,0,0,0,0,0,0,0,0,0,0,0,0,0,0,1,0,0,0,5,0,0,0,0,7,0,32,0,8,0,0,0,0,12,0,0,0,22,0,0,0,1,0,0,0,0,0,0,0,0,0,0,0,0,0,0,0,0,0,0,0
Diagonal_eny_002.csv,0.180000,0.003000,0,0,0,0,0,0,0,0,1,0,0,0,0,0,69,0,0,0,0,0,0,0,0,0,0,0,17,0,0,0,62,0,0,0,0,0,0,0,33,5,0,0,0,0,0,2,0,14,7,0,36,56,22,0,36,43,0,0,0,5,0,0,48,0,0,8,0,0,0,0,0,0,0,0,0,0,0,0,0,0,0,0,0,0,2,0,0,31,0,62,2191,0,0,0,0,0,0,0,0,0,0,0,0,0,58,0,0,992,0,0,0,0,0,0,0,0,0,0,0,0,0,21,0,0,0,0,30,0,0,0,0,0,0,0,0,0,0,3,0,0,0,0,0,0,0,0,0,0,0,0,0,0,0,0,1,0,0,0,11,0,0,0,0,16,0,73,0,17,0,0,0,0,37,0,0,0,46,0,0,0,1,0,0,2,0,0,0,0,0,0,0,0,0,0,0,0,0,0,0,0
Diagonal_eny_002.csv,0.180000,0.004000,0,0,0,0,0,0,0,0,1,0,0,0,0,0,123,0,0,0,0,0,0,0,0,0,0,0,30,0,0,0,106,0,0,0,0,0,0,0,61,5,0,0,0,0,0,4,0,32,14,0,60,113,36,0,77,65,0,0,0,6,0,0,99,0,0,10,0,0,0,0,0,0,0,0,0,0,0,0,0,0,0,0,0,0,6,0,0,63,0,97,3344,0,0,0,0,0,0,0,0,0,0,0,0,0,100,0,0,2059,0,0,0,0,0,0,0,0,0,0,0,0,0,39,0,0,0,0,56,0,0,0,0,0,0,0,0,0,0,5,0,0,0,0,0,0,0,0,0,0,0,0,0,0,0,0,1,0,0,0,19,0,0,0,1,27,0,127,0,26,0,0,0,0,67,0,0,0,82,0,0,0,1,0,0,2,0,0,0,0,0,0,0,0,0,0,0,0,0,0,0,0
Diagonal_eny_002.csv,0.180000,0.005000,0,0,0,0,0,0,0,0,3,0,0,0,0,0,178,0,0,0,0,0,0,0,0,0,0,0,45,0,0,0,168,0,0,0,0,0,0,0,104,11,0,0,0,0,0,5,0,49,20,0,92,177,51,0,117,100,0,0,0,12,0,2,166,0,0,15,0,0,0,0,0,0,0,0,0,0,0,0,0,0,0,0,0,0,8,0,0,110,0,149,4460,0,0,0,0,0,0,0,0,0,0,0,0,0,156,0,0,3205,0,0,0,1,0,0,0,0,0,0,0,0,0,56,0,0,0,0,785,0,0,0,0,0,0,0,0,0,0,9,0,0,0,0,0,0,0,0,0,0,0,0,0,0,0,0,1,0,0,0,31,0,0,0,2,40,0,193,0,37,0,0,0,0,109,0,0,0,139,2,0,0,1,0,0,4,0,0,0,0,0,0,0,0,0,0,0,0,0,0,0,0
Diagonal_eny_002.csv,0.180000,0.006000,0,0,0,0,0,0,0,0,5,0,0,0,0,0,250,0,0,0,0,0,0,0,0,0,0,0,66,0,0,0,243,0,0,0,0,0,0,0,173,14,0,0,0,0,0,14,0,65,23,0,152,257,69,0,186,161,0,0,0,17,0,6,246,0,0,21,0,0,0,0,0,0,0,0,0,0,0,0,0,0,0,0,0,0,9,0,0,168,0,209,5561,0,0,0,0,0,0,0,0,0,0,0,0,0,224,0,0,4359,0,0,0,1,0,0,0,0,0,0,0,0,0,69,0,0,0,0,1868,0,0,0,0,0,0,0,0,0,0,10,0,0,0,0,0,0,0,0,0,0,0,0,0,0,0,0,1,0,0,0,43,0,0,0,3,56,0,263,0,50,0,0,0,0,152,0,0,0,197,3,0,0,1,0,0,5,0,0,0,0,0,0,0,0,0,0,0,0,0,0,0,0
Diagonal_eny_002.csv,0.180000,0.007000,0,0,0,0,0,0,0,0,9,0,0,0,0,0,356,0,0,0,0,0,0,0,0,0,0,0,85,0,0,0,340,0,0,0,0,0,0,0,226,21,0,0,0,0,0,21,0,93,30,0,206,337,105,0,256,212,0,0,0,23,0,8,323,0,0,27,0,0,0,0,0,0,0,0,0,0,0,0,0,0,0,0,0,0,13,0,0,229,0,284,6743,0,0,0,0,0,0,0,0,0,0,0,0,0,302,0,0,5526,0,0,0,1,0,0,0,0,0,0,0,0,0,85,0,0,0,0,2996,0,0,0,0,0,0,0,0,0,0,13,0,0,0,0,0,0,0,0,0,0,0,0,0,0,0,0,1,0,0,0,65,0,0,0,3,89,0,354,0,72,0,0,0,0,199,0,0,0,248,3,0,0,1,0,0,7,0,0,0,0,0,0,0,0,0,0,0,0,0,0,0,0
Diagonal_eny_002.csv,0.180000,0.008000,0,0,0,0,0,0,0,0,10,0,0,0,0,0,464,0,0,0,0,0,0,0,0,0,0,0,99,0,0,0,444,0,0,0,0,0,0,0,306,28,0,0,0,0,0,25,0,118,35,0,257,419,135,0,325,293,0,0,0,36,0,12,424,0,0,35,0,0,0,0,0,0,0,0,0,0,0,0,0,0,0,0,0,0,22,0,0,287,0,371,7950,0,0,0,0,0,0,0,0,0,0,0,0,0,391,0,0,6697,0,0,0,1,0,0,0,0,0,0,0,0,0,104,0,0,0,0,4046,0,0,0,0,0,0,0,0,0,0,15,0,0,0,0,0,0,0,0,0,0,0,0,0,0,0,0,2,0,0,0,73,0,0,0,4,119,0,473,0,86,0,0,0,0,276,0,0,0,330,3,0,0,1,0,0,12,0,0,0,0,0,0,0,0,0,0,0,0,0,0,0,0
Diagonal_eny_002.csv,0.180000,0.009000,0,0,0,0,0,0,0,0,14,0,0,0,0,0,606,0,0,0,0,0,0,0,0,0,0,0,127,0,0,0,589,0,0,0,0,0,0,0,379,37,0,0,0,0,0,33,0,148,45,0,326,526,168,0,421,390,0,0,0,42,0,14,577,0,0,44,0,0,0,0,0,0,0,0,0,0,0,0,0,0,0,0,0,0,27,0,0,358,0,453,9131,0,0,0,0,0,0,0,0,0,0,0,0,0,483,0,0,7887,0,0,0,1,0,0,0,0,0,0,0,0,0,145,0,0,0,0,4665,0,0,0,0,0,0,0,0,0,0,20,0,0,0,0,0,0,0,0,0,0,0,0,0,0,0,0,2,0,0,0,85,0,0,0,5,140,0,575,0,107,0,0,0,0,357,0,0,0,421,3,0,0,1,2,0,17,0,0,0,0,0,0,0,0,0,0,0,0,0,0,0,0
Diagonal_eny_002.csv,0.190000,0.000900,0,0,0,0,0,0,0,0,0,0,0,0,0,0,1,0,0,0,0,0,0,0,0,0,0,0,0,0,0,0,2,0,0,0,0,0,0,0,4,0,0,0,0,0,0,0,0,1,0,0,0,6,4,0,5,2,0,0,0,0,0,1,4,0,0,2,0,0,0,0,0,0,0,0,0,0,0,0,0,0,0,0,0,0,0,0,0,2,0,2,4,0,0,0,0,0,0,0,0,0,0,0,0,0,7,0,0,5,0,0,0,0,0,0,0,0,0,0,0,0,0,1,0,0,0,0,1,0,0,0,0,0,0,0,0,0,0,0,0,0,0,0,0,0,0,0,0,0,0,0,0,0,0,0,0,0,0,0,0,0,0,0,0,1,0,6,0,0,0,0,0,0,4,0,0,0,8,0,0,0,0,0,0,0,0,0,0,0,0,0,0,0,0,0,0,0,0,0,0,0
Diagonal_eny_002.csv,0.190000,0.001000,0,0,0,0,0,0,0,0,0,0,0,0,0,0,1,0,0,0,0,0,0,0,0,0,0,0,0,0,0,0,5,0,0,0,0,0,0,0,4,0,0,0,0,0,0,1,0,1,0,0,3,7,5,0,6,5,0,0,0,0,0,1,8,0,0,3,0,0,0,0,0,0,0,0,0,0,0,0,0,0,0,0,0,0,0,0,0,3,0,6,75,0,0,0,0,0,0,0,0,0,0,0,0,0,7,0,0,7,0,0,0,0,0,0,0,0,0,0,0,0,0,1,0,0,0,0,1,0,0,0,0,0,0,0,0,0,0,0,0,0,0,0,0,0,0,0,0,0,0,0,0,0,0,0,0,0,0,0,0,0,0,0,0,1,0,6,0,0,0,0,0,0,4,0,0,0,8,0,0,0,0,0,0,0,0,0,0,0,0,0,0,0,0,0,0,0,0,0,0,0
Diagonal_eny_002.csv,0.190000,0.002000,0,0,0,0,0,0,0,0,0,0,0,0,0,0,25,0,0,0,0,0,0,0,0,0,0,0,3,0,0,0,29,0,0,0,0,0,0,0,17,3,0,0,0,0,0,1,0,9,1,0,13,31,12,0,19,22,0,0,0,0,0,1,21,0,0,4,0,0,0,0,0,0,0,0,0,0,0,0,0,0,0,0,0,0,0,0,0,14,0,28,1199,0,0,0,0,0,0,0,0,0,0,0,0,0,25,0,0,35,0,0,0,0,0,0,0,0,0,0,0,0,0,9,0,0,0,0,10,0,0,0,0,0,0,0,0,0,0,1,0,0,0,0,0,0,0,0,0,0,0,0,0,0,0,0,0,0,0,0,0,0,0,0,1,4,0,31,0,3,0,0,0,0,22,0,0,0,22,0,0,0,0,0,0,1,0,0,0,0,0,0,0,0,0,0,0,0,0,0,0,0
Diagonal_eny_002.csv,0.190000,0.003000,0,0,0,0,0,0,0,0,0,0,0,0,0,0,65,0,0,0,0,0,0,0,0,0,0,0,14,0,0,0,71,0,0,0,0,0,0,0,46,7,0,0,0,0,0,2,0,12,5,0,34,64,22,0,43,46,0,0,0,3,0,4,47,0,0,6,0,0,0,0,0,0,0,0,0,0,0,0,0,0,0,0,0,0,0,0,0,34,0,60,2332,0,0,1,0,0,0,0,0,0,0,0,0,0,54,0,0,1064,0,0,0,0,0,0,0,0,0,0,0,0,0,16,0,0,0,0,23,0,0,0,0,0,0,0,0,0,0,6,0,0,0,0,0,0,0,0,0,0,0,0,0,0,0,0,0,0,0,0,8,0,0,0,1,10,0,72,0,9,0,0,0,0,53,0,0,0,50,0,0,0,0,1,0,2,0,0,0,0,0,0,0,0,0,0,0,0,0,0,0,0
Diagonal_eny_002.csv,0.190000,0.004000,0,0,0,0,0,0,0,0,1,0,0,0,0,0,123,0,0,0,0,0,0,0,0,0,0,0,21,0,0,0,114,0,0,0,0,0,0,0,79,8,0,0,0,0,0,4,0,31,9,0,74,116,36,0,76,77,0,0,0,7,0,4,96,0,0,9,0,0,0,0,0,0,0,0,0,0,0,0,0,0,0,0,0,0,1,0,0,62,0,120,3512,0,0,1,0,0,0,0,0,0,0,0,0,0,105,0,0,2226,0,0,0,0,0,0,0,0,0,0,0,0,0,32,0,0,0,0,50,0,0,0,0,0,0,0,0,0,0,8,0,0,0,0,0,0,0,0,0,0,0,0,0,1,0,0,0,0,0,0,12,0,0,0,1,26,0,136,0,14,0,0,0,0,82,0,0,0,76,0,0,0,0,1,0,3,0,0,0,0,0,0,0,0,0,0,0,0,0,0,0,0
Diagonal_eny_002.csv,0.190000,0.005000,0,0,0,0,0,0,0,0,1,0,0,0,0,0,185,0,0,0,0,0,0,0,0,0,0,0,40,0,0,0,194,0,0,0,0,0,0,0,111,9,0,0,0,0,0,5,0,56,18,0,112,172,54,0,119,118,0,0,0,12,0,4,157,0,0,14,0,0,0,0,0,0,0,0,0,0,0,0,0,0,0,0,0,0,3,0,0,100,0,176,4675,0,0,1,0,0,0,0,0,0,0,0,0,0,173,0,0,3437,0,0,0,0,0,0,0,0,0,0,0,0,0,44,0,0,0,0,843,0,0,0,0,0,0,0,0,0,0,12,0,0,0,0,0,0,0,0,0,0,0,0,0,1,0,0,0,0,0,0,24,0,0,0,1,47,0,199,0,22,0,0,0,0,132,0,0,0,127,0,0,0,0,1,0,5,0,0,0,0,0,0,0,0,0,0,0,0,0,0,0,0
Diagonal_eny_002.csv,0.190000,0.006000,0,0,0,0,0,0,0,0,4,0,0,0,0,0,258,0,0,0,0,0,0,0,0,0,0,0,58,0,0,0,274,0,0,0,0,0,0,0,165,13,0,0,0,0,0,13,0,78,24,0,164,252,78,0,178,165,0,0,0,17,0,11,249,0,0,25,0,0,0,0,0,0,0,0,0,0,0,0,0,0,0,0,0,0,5,0,0,149,0,249,5860,0,0,1,0,0,0,0,0,0,0,0,0,0,249,0,0,4698,0,0,0,0,0,0,0,0,0,0,0,0,0,62,0,0,0,0,2054,0,0,0,0,0,0,0,0,0,0,14,0,0,0,0,0,0,0,0,0,0,0,0,0,1,0,0,0,0,0,0,38,0,0,0,2,59,0,268,0,37,0,0,0,0,174,0,0,0,193,0,0,0,0,1,0,7,0,0,0,0,0,0,0,0,0,0,0,0,0,0,0,0
Diagonal_eny_002.csv,0.190000,0.007000,0,0,0,0,0,0,0,0,6,0,0,0,0,0,353,0,0,0,0,0,0,0,0,0,0,0,79,0,0,0,369,0,0,0,0,0,0,0,212,20,0,0,0,0,0,20,0,100,28,0,221,355,118,0,261,233,0,0,0,20,0,14,351,0,0,35,0,0,0,0,0,0,0,0,0,0,0,0,0,0,0,0,0,0,9,0,0,219,0,343,7059,0,0,1,0,0,0,0,0,0,0,0,0,0,321,0,0,5933,0,0,0,0,0,0,0,0,0,0,0,0,0,86,0,0,0,0,3175,0,0,0,0,0,0,0,0,0,0,17,0,0,0,0,0,0,0,0,0,0,0,0,0,1,0,0,0,0,0,0,47,0,0,0,3,92,0,346,0,56,0,0,0,0,227,0,0,0,268,0,0,0,1,1,0,12,0,0,0,0,0,0,0,0,0,0,0,0,0,0,0,0
Diagonal_eny_002.csv,0.190000,0.008000,0,0,0,0,0,0,0,0,12,0,0,0,0,0,465,0,0,0,0,0,0,0,0,0,0,0,93,0,0,0,473,0,0,0,0,0,0,0,286,24,0,0,0,0,0,25,0,135,42,0,290,460,148,0,338,298,0,0,0,30,0,19,457,0,0,44,0,0,0,0,0,0,0,0,0,0,0,0,0,0,0,0,0,0,12,0,0,293,0,443,8295,0,0,1,0,0,0,0,0,0,0,0,0,0,405,0,0,7168,0,0,0,0,0,0,0,0,0,1,0,0,0,107,0,0,0,0,4253,0,0,0,0,0,0,0,0,0,0,19,0,0,0,0,0,0,0,0,0,0,0,0,0,1,0,0,0,0,0,0,59,0,0,0,5,116,0,458,0,69,0,0,0,0,294,0,0,0,351,0,0,0,1,2,0,16,0,0,0,0,0,0,0,0,0,0,0,0,0,0,0,0
Diagonal_eny_002.csv,0.190000,0.009000,0,0,0,0,0,0,0,0,16,0,0,0,0,0,612,0,0,0,0,0,0,0,0,0,0,0,117,0,0,0,614,0,0,0,0,0,0,0,370,33,0,0,0,1,0,32,0,166,51,0,355,573,186,0,407,377,0,0,0,42,0,24,613,0,0,59,0,0,0,0,0,0,0,0,0,0,0,0,0,0,0,0,0,0,14,0,0,380,0,550,9526,0,0,2,0,0,0,0,0,0,0,0,0,0,516,0,0,8424,0,0,0,0,0,0,0,0,0,1,0,0,0,146,0,0,0,0,4854,0,0,0,0,0,0,0,0,0,0,32,0,0,0,0,0,0,0,0,0,0,0,0,0,1,0,0,0,0,0,0,86,0,0,0,7,147,0,594,0,99,0,0,0,0,370,0,0,0,438,0,0,0,2,2,0,20,0,0,0,0,0,0,0,0,0,0,0,0,0,0,0,0
Diagonal_eny_002.csv,0.200000,0.000900,0,0,0,0,0,0,0,0,0,0,0,0,0,0,5,0,0,0,0,0,0,0,0,0,0,0,1,0,0,0,3,0,0,0,0,0,0,0,6,0,0,0,0,0,0,0,0,0,1,0,2,7,2,0,2,2,0,0,0,1,0,1,9,0,0,2,0,0,0,0,0,0,0,0,0,0,0,0,0,0,0,0,0,0,0,0,0,4,0,1,6,0,0,0,0,0,0,0,0,0,0,0,0,0,2,0,0,8,0,0,0,0,0,0,0,0,0,0,0,0,0,1,0,0,0,0,1,0,0,0,0,0,0,0,0,0,0,0,0,0,0,0,0,0,0,0,0,0,0,0,0,0,0,0,0,0,0,0,0,0,0,0,0,1,0,7,0,0,0,0,0,0,4,0,0,0,11,0,0,0,0,0,0,0,0,0,0,0,0,0,0,0,0,0,0,0,0,0,0,0
Diagonal_eny_002.csv,0.200000,0.001000,0,0,0,0,0,0,0,0,0,0,0,0,0,0,6,0,0,0,0,0,0,0,0,0,0,0,1,0,0,0,9,0,0,0,0,0,0,0,7,1,0,0,0,0,0,0,0,1,2,0,4,8,2,0,4,3,0,0,0,1,0,1,11,0,0,2,0,0,0,0,0,0,0,0,0,0,0,0,0,0,0,0,0,0,0,0,0,5,0,3,82,0,0,0,0,0,0,0,0,0,0,0,0,0,5,0,0,11,0,0,0,0,0,0,0,0,0,0,0,0,0,1,0,0,0,0,1,0,0,0,0,0,0,0,0,0,0,0,0,0,0,0,0,0,0,0,0,0,0,0,0,0,0,0,0,0,0,0,0,0,0,0,0,1,0,9,0,1,0,0,0,0,4,0,0,0,12,0,0,0,0,0,0,0,0,0,0,0,0,0,0,0,0,0,0,0,0,0,0,0
Diagonal_eny_002.csv,0.200000,0.002000,0,0,0,0,0,0,0,0,1,0,0,0,0,0,27,0,0,0,0,0,0,0,0,0,0,0,6,0,0,0,38,0,0,0,0,0,0,0,26,2,0,0,0,0,0,1,0,9,3,0,17,33,6,0,14,16,0,0,0,2,0,1,28,0,0,5,0,0,0,0,0,0,0,0,0,0,0,0,0,0,0,0,0,0,2,0,0,19,0,17,1278,0,0,0,0,0,0,0,0,0,0,0,0,0,27,0,0,38,0,0,0,0,0,0,0,0,0,0,0,0,0,6,0,0,0,0,8,0,0,0,0,0,0,0,0,0,0,0,0,0,0,0,0,0,0,0,0,0,0,0,0,1,0,0,0,0,0,0,3,0,0,0,0,6,0,27,0,9,0,0,0,0,17,0,0,0,32,0,0,0,0,0,0,1,0,0,0,0,0,0,0,0,0,0,0,0,0,0,0,0
Diagonal_eny_002.csv,0.200000,0.003000,0,0,0,0,0,0,0,0,1,0,0,0,0,0,69,0,0,0,0,0,0,0,0,0,0,0,20,0,0,0,86,0,0,0,0,0,0,0,46,3,0,0,0,0,0,1,0,13,6,0,41,67,14,0,45,42,0,0,0,7,0,1,65,0,0,8,0,0,0,0,0,0,0,0,0,0,0,0,0,0,0,0,0,0,2,0,0,33,0,52,2502,0,0,0,0,0,0,0,0,0,0,0,0,0,58,0,0,1138,0,0,0,0,0,0,0,0,0,0,0,0,0,21,0,0,0,0,18,0,0,0,0,0,0,0,0,0,0,1,0,0,0,0,0,0,0,0,0,0,0,0,0,1,0,0,0,0,0,0,5,0,0,0,0,14,0,59,0,20,0,0,0,0,40,0,0,0,75,0,0,0,0,0,0,3,0,0,0,0,0,0,0,0,0,0,0,0,0,0,0,0
Diagonal_eny_002.csv,0.200000,0.004000,0,0,0,0,0,0,0,0,3,0,0,0,0,0,117,0,0,0,0,0,0,0,0,0,0,0,30,0,0,0,142,0,0,0,0,0,0,0,75,5,0,0,0,0,0,4,0,26,16,0,72,116,35,0,85,73,0,0,0,15,0,2,124,0,0,13,0,0,0,0,0,0,0,0,0,0,0,0,0,0,0,0,0,0,3,0,0,67,0,102,3760,0,0,0,0,0,0,0,0,0,0,0,0,0,112,0,0,2331,0,0,0,0,0,0,0,0,0,0,0,0,0,36,0,0,0,0,39,0,0,0,0,0,0,0,0,0,0,4,0,0,0,0,0,0,0,0,0,0,0,0,0,1,0,0,0,0,0,0,16,0,0,0,0,26,0,110,0,28,0,0,0,0,77,0,0,0,109,0,0,0,0,0,0,5,0,0,0,0,0,0,0,0,0,0,0,0,0,0,0,0
Diagonal_eny_002.csv,0.200000,0.005000,0,0,0,0,0,0,0,0,5,0,0,0,0,0,174,0,0,0,0,0,0,0,0,0,0,0,43,0,0,0,205,0,0,0,0,0,0,0,118,9,1,0,0,0,0,8,0,41,22,0,116,180,55,0,124,113,0,0,0,17,0,2,209,0,0,17,0,0,0,0,0,0,0,0,0,0,0,0,0,0,0,0,0,0,3,0,0,117,0,172,4996,0,0,0,0,0,0,0,0,0,0,0,0,0,168,0,0,3658,0,0,0,0,0,0,0,0,0,0,0,0,0,49,0,0,0,0,879,0,0,0,0,0,0,0,0,0,0,6,0,0,0,0,0,0,0,0,0,0,0,0,0,1,0,0,0,0,0,0,25,0,0,0,1,41,0,191,0,44,0,0,0,0,131,0,0,0,156,0,0,0,0,0,0,6,0,0,0,0,0,0,0,0,0,0,0,0,0,0,0,0
Diagonal_eny_002.csv,0.200000,0.006000,0,0,0,0,0,0,0,0,6,0,0,0,0,0,263,0,0,0,0,0,0,0,0,0,0,0,70,0,0,0,282,0,0,0,0,0,0,0,176,13,1,0,0,0,0,14,0,72,32,0,153,260,86,0,182,166,0,0,0,22,0,9,289,0,0,28,0,0,0,0,0,0,0,0,0,0,0,0,0,0,0,0,0,0,5,0,0,172,0,249,6265,0,0,0,0,0,0,0,0,0,0,0,0,0,249,0,0,4951,0,0,0,0,0,0,0,0,0,0,0,0,0,72,0,0,0,0,2091,0,0,0,0,0,0,0,0,0,0,7,0,0,0,0,0,0,0,0,0,0,0,0,0,1,0,0,0,0,0,0,41,0,0,0,3,55,0,267,0,60,0,0,0,0,184,0,0,0,224,1,0,0,2,0,0,6,0,0,0,0,0,0,0,0,0,0,0,0,0,0,0,0
Diagonal_eny_002.csv,0.200000,0.007000,0,0,0,0,0,0,0,0,9,0,0,0,0,0,372,0,0,0,0,0,0,0,0,0,0,0,91,0,0,0,401,0,0,0,0,0,0,0,241,21,1,0,0,0,0,24,0,96,41,0,206,366,117,0,249,242,0,0,0,27,0,15,393,0,0,34,0,0,0,0,0,0,0,0,0,0,0,0,0,0,0,0,0,0,9,0,0,243,0,335,7464,0,0,0,0,0,0,0,0,0,0,0,0,0,328,0,0,6197,0,0,0,0,0,0,0,0,0,0,0,0,0,95,0,0,0,0,3239,0,0,0,0,0,0,0,0,0,0,9,0,0,0,0,0,0,0,0,0,0,0,0,0,1,0,0,1,0,0,0,56,0,0,0,3,88,0,361,0,76,0,0,0,0,234,0,0,0,303,1,0,0,3,2,0,10,0,0,0,0,0,0,0,0,0,0,0,0,0,0,0,0
Diagonal_eny_002.csv,0.200000,0.008000,0,0,0,0,0,0,0,0,12,0,0,0,0,0,494,0,0,0,0,0,0,0,0,0,0,0,115,0,0,0,526,0,0,0,0,0,0,0,309,28,1,0,0,0,0,27,0,126,57,0,271,479,149,0,314,313,0,0,0,39,0,20,514,0,0,50,0,0,0,0,0,0,0,0,0,0,0,0,0,0,0,0,0,0,11,0,0,325,0,459,8807,0,0,1,0,0,0,0,0,0,0,0,0,0,432,0,0,7480,0,0,0,0,0,0,0,0,0,0,0,0,0,120,0,0,0,0,4382,0,0,0,0,0,0,0,0,0,0,12,0,0,0,0,0,0,0,0,0,0,0,0,0,3,0,0,3,0,0,0,69,0,0,0,6,112,0,484,0,101,0,0,0,0,322,0,0,0,390,1,0,0,3,3,0,10,0,0,0,0,0,0,0,0,0,0,0,0,0,0,0,0
Diagonal_eny_002.csv,0.200000,0.009000,0,0,0,0,0,0,0,0,16,0,0,0,0,0,628,0,0,0,0,0,0,0,0,0,0,0,142,0,0,0,673,0,0,0,0,0,0,0,392,37,1,0,0,0,0,32,0,148,76,0,331,598,198,0,417,386,0,0,0,51,0,28,667,0,0,65,0,0,0,0,0,0,0,0,0,0,0,0,0,0,0,0,0,0,13,0,0,408,0,569,10131,0,0,1,0,0,0,0,0,0,0,0,0,0,536,0,0,8824,0,0,0,0,0,0,0,0,0,0,0,0,0,158,0,0,0,0,5037,0,0,0,0,0,0,0,0,0,0,18,0,0,0,0,0,0,0,0,0,0,0,0,0,4,0,0,4,0,0,0,82,0,0,0,8,140,0,615,0,127,0,0,0,0,407,0,0,0,493,1,0,0,3,4,0,15,0,0,0,0,0,0,0,0,0,0,0,0,0,0,0,0
Diagonal_eny_002.csv,1.000000,0.000900,0,0,0,0,0,0,0,0,0,0,0,0,0,0,24,0,0,0,0,0,0,0,0,0,0,0,5,0,0,0,27,0,0,0,0,0,0,0,18,0,0,0,0,0,0,1,0,11,1,0,21,32,14,0,22,20,0,0,0,5,0,4,42,0,0,7,0,0,0,0,0,0,0,0,0,0,0,0,0,0,0,0,0,0,1,0,0,13,0,29,31,0,0,0,0,0,0,0,0,0,0,0,0,0,32,0,0,40,0,0,0,0,0,0,0,0,0,0,0,0,0,4,0,0,0,0,7,0,0,0,0,0,0,0,0,0,0,1,0,0,0,0,0,0,0,0,0,0,0,0,0,0,0,0,1,0,0,0,2,0,0,0,0,10,0,32,0,3,0,0,0,0,10,0,0,0,30,0,0,0,0,0,0,0,0,0,0,0,0,0,0,0,0,0,0,0,0,0,0,0
Diagonal_eny_002.csv,1.000000,0.001000,0,0,0,0,0,0,0,0,0,0,0,0,0,0,26,0,0,0,0,0,0,0,0,0,0,0,6,0,0,0,43,0,0,0,0,0,0,0,21,1,0,0,0,0,0,4,0,13,2,0,29,39,16,0,27,25,0,0,0,5,0,4,53,0,0,8,0,0,0,0,0,0,0,0,0,0,0,0,0,0,0,0,0,0,1,0,0,18,0,40,388,0,0,0,0,0,0,0,0,0,0,0,0,0,39,0,0,51,0,0,0,0,0,0,0,0,0,0,0,0,0,5,0,0,0,0,8,0,0,0,0,0,0,0,0,0,0,2,0,0,0,0,0,0,0,0,0,0,0,0,0,0,0,0,1,0,0,0,3,0,0,0,0,10,0,40,0,6,0,0,0,0,12,0,0,0,32,0,0,0,0,0,0,0,0,0,0,0,0,0,0,0,0,0,0,0,0,0,0,0
Diagonal_eny_002.csv,1.000000,0.002000,0,0,0,0,0,0,0,0,3,0,0,0,0,0,153,0,0,0,0,0,0,0,0,0,0,0,29,0,0,0,166,0,0,0,0,0,0,0,96,9,0,0,0,0,0,10,0,37,8,0,94,150,50,0,104,89,0,0,0,9,0,6,151,0,0,18,0,0,0,0,0,0,0,0,0,0,0,0,0,0,0,0,0,0,4,0,0,96,0,127,6406,0,0,0,0,0,0,0,0,0,0,0,0,0,137,0,0,201,0,0,0,0,0,0,0,0,0,0,0,0,0,37,0,0,0,0,59,0,0,0,0,0,0,0,0,0,0,8,0,0,0,0,0,0,0,0,0,0,0,0,0,1,0,0,1,0,0,0,18,0,0,0,1,33,0,161,0,27,0,0,0,0,78,0,0,0,123,1,0,0,1,0,0,3,0,0,0,0,0,0,0,0,0,0,0,0,0,0,0,0
Diagonal_eny_002.csv,1.000000,0.003000,0,0,0,0,0,0,0,0,5,0,0,0,0,0,379,0,0,0,0,0,0,0,0,0,0,0,76,0,0,0,378,0,0,0,0,0,0,0,208,21,0,0,0,0,0,21,0,73,26,0,221,333,109,0,218,219,0,0,0,20,0,14,334,0,0,35,0,0,0,0,0,0,0,0,0,0,0,0,0,0,0,0,0,0,7,0,0,210,0,308,12407,0,0,1,0,0,0,0,0,0,0,0,0,0,310,0,0,5593,0,0,0,0,0,0,0,0,0,0,0,0,0,108,0,0,0,0,146,0,0,0,0,0,0,0,0,0,0,19,0,0,0,0,0,0,0,0,0,0,0,0,0,1,0,0,1,0,0,0,54,0,0,0,2,76,0,352,0,67,0,0,0,0,214,0,0,0,286,1,0,0,1,1,0,13,0,0,0,0,0,0,0,0,0,0,0,0,0,0,0,0
Diagonal_eny_002.csv,1.000000,0.004000,0,0,0,0,0,0,0,0,11,0,0,0,0,0,657,0,0,0,0,0,0,0,0,0,0,0,126,0,0,0,647,0,0,0,0,0,0,0,373,36,0,0,0,0,0,36,0,143,46,0,371,601,210,0,403,377,0,0,0,39,0,20,609,0,0,61,0,0,0,0,0,0,0,0,0,0,0,0,0,0,0,0,0,0,16,0,0,382,0,565,18678,0,0,1,0,0,0,0,0,0,0,0,0,0,568,0,0,11791,0,0,0,0,0,0,0,0,0,0,0,0,0,180,0,0,0,0,289,0,0,0,0,0,0,0,0,0,0,32,0,0,0,0,0,0,0,0,0,0,0,0,0,3,0,0,2,0,0,0,95,0,0,0,4,139,0,623,0,121,0,0,0,0,395,0,0,0,473,1,0,0,1,3,0,24,0,0,0,0,0,0,0,0,0,0,0,0,0,0,0,0
Diagonal_eny_002.csv,1.000000,0.005000,0,0,0,0,0,0,0,0,16,0,0,0,0,0,1000,0,0,0,0,0,0,0,0,0,0,0,202,0,0,0,1010,0,0,0,0,0,0,0,603,58,1,0,0,0,0,50,0,228,76,0,585,921,314,0,634,576,0,0,0,64,0,28,982,0,0,91,0,0,0,0,0,0,0,0,0,0,0,0,0,0,0,0,0,0,27,0,0,617,0,865,24910,0,0,1,0,0,0,0,0,0,0,0,0,0,866,0,0,18241,0,0,0,1,0,0,0,0,0,0,0,0,0,256,0,0,0,0,4508,0,0,0,0,0,0,0,0,0,0,41,0,0,0,0,0,0,0,0,0,0,0,0,0,3,0,0,2,0,0,0,154,0,0,0,5,213,0,983,0,190,0,0,0,0,653,0,0,0,746,4,0,0,1,3,0,28,0,0,0,0,0,0,0,0,0,0,0,0,0,0,0,0
Diagonal_eny_002.csv,1.000000,0.006000,0,0,0,0,0,0,0,0,30,0,0,0,0,0,1465,0,0,0,0,0,0,0,0,0,0,0,294,0,0,0,1423,0,0,0,0,0,0,0,905,79,1,0,0,0,0,70,0,345,109,0,852,1351,449,0,931,874,0,0,0,98,0,48,1417,0,0,137,0,0,0,0,0,0,0,0,0,0,0,0,0,0,0,0,0,0,40,0,0,883,0,1259,31231,0,0,2,0,0,0,0,0,0,0,0,0,0,1242,0,0,24672,0,0,0,1,0,0,0,0,0,0,0,0,0,386,0,0,0,0,10715,0,0,0,0,0,0,0,0,0,0,53,0,0,0,0,0,0,0,0,0,0,0,0,0,4,0,0,2,0,0,0,218,0,0,0,9,295,0,1377,0,264,0,0,0,0,944,0,0,0,1099,8,0,0,3,4,0,39,0,0,0,0,0,0,0,0,0,0,0,0,0,0,0,0
Diagonal_eny_002.csv,1.000000,0.007000,0,0,0,0,0,0,0,0,45,0,0,0,0,0,1990,0,0,0,0,0,0,0,0,0,0,0,398,0,0,0,1960,0,0,0,0,0,0,0,1204,119,1,0,0,0,0,99,0,469,145,0,1142,1853,610,0,1336,1212,0,0,0,126,0,73,1920,0,0,181,0,0,0,0,0,0,0,0,0,0,0,0,0,0,0,0,0,0,59,0,0,1252,0,1679,37621,0,0,2,0,0,0,0,0,0,0,0,0,0,1651,0,0,31100,0,0,0,1,0,0,0,0,0,0,0,0,0,527,0,0,0,0,16730,0,0,0,0,0,0,0,0,0,0,70,0,0,0,0,0,0,0,0,0,0,0,0,0,4,0,0,4,0,0,0,291,0,0,0,13,439,0,1871,0,358,0,0,0,0,1234,0,0,0,1472,9,0,0,4,7,0,56,0,0,0,0,0,0,0,0,0,0,0,0,0,0,0,0
Diagonal_eny_002.csv,1.000000,0.008000,0,0,0,0,0,0,0,0,66,0,0,0,0,0,2560,0,0,0,0,0,1,0,1,0,0,0,502,0,0,0,2521,0,0,0,0,0,0,0,1593,153,1,0,0,0,0,116,0,640,190,0,1490,2440,798,0,1730,1584,0,0,0,166,0,99,2531,0,0,237,0,0,0,0,0,0,0,0,0,0,0,0,0,0,0,0,0,0,75,0,0,1618,0,2239,44259,0,0,4,0,0,0,0,0,0,0,0,0,0,2165,0,0,37620,0,0,0,1,0,0,0,0,0,1,0,0,0,677,0,0,0,0,22444,0,0,0,0,0,0,0,0,0,0,84,0,0,0,0,0,0,0,0,0,0,0,0,0,7,0,0,7,0,0,0,361,0,0,0,21,579,0,2462,0,444,0,0,0,0,1624,0,0,0,1893,9,0,0,4,9,0,72,0,0,0,0,0,0,0,0,0,0,0,0,0,0,0,0
Diagonal_eny_002.csv,1.000000,0.009000,0,0,0,0,0,0,0,0,84,0,0,0,0,0,3270,0,0,0,0,0,1,0,1,0,0,0,630,0,0,0,3269,0,0,0,0,0,0,0,2011,196,1,0,0,1,0,149,0,786,258,0,1842,3046,1017,0,2190,2011,0,0,0,219,0,123,3285,0,0,314,0,0,0,0,0,0,0,0,0,0,0,0,0,0,0,0,0,0,102,0,0,2063,0,2793,50871,0,0,5,0,0,0,0,0,0,0,0,0,0,2748,0,0,44330,0,0,0,1,0,0,0,0,0,1,0,0,0,871,0,0,0,0,25679,0,0,0,0,0,0,0,0,0,0,122,0,0,0,0,0,0,0,0,0,0,0,0,0,9,0,0,11,0,0,0,469,0,0,0,27,729,0,3128,0,563,0,0,0,0,2017,0,0,0,2404,10,0,0,5,13,0,92,0,0,0,0,0,0,0,0,0,0,0,0,0,0,0,0
