Column	Row	Geometry	Frequency
0	0	POLYGON ((9.405313305954621E-9 9.405313305954621E-9,0.06250563227244552 9.405313305954621E-9,0.06250563227244552 0.06250219477244551,9.405313305954621E-9 0.06250219477244551,9.405313305954621E-9 9.405313305954621E-9))	934221
1	0	POLYGON ((0.06250563227244552 9.405313305954621E-9,0.12501125513957773 9.405313305954621E-9,0.12501125513957773 0.06250219477244551,0.06250563227244552 0.06250219477244551,0.06250563227244552 9.405313305954621E-9))	97143
2	0	POLYGON ((0.12501125513957773 9.405313305954621E-9,0.1875168780067099 9.405313305954621E-9,0.1875168780067099 0.06250219477244551,0.12501125513957773 0.06250219477244551,0.12501125513957773 9.405313305954621E-9))	2090
3	0	POLYGON ((0.1875168780067099 9.405313305954621E-9,0.25002250087384215 9.405313305954621E-9,0.25002250087384215 0.06250219477244551,0.1875168780067099 0.06250219477244551,0.1875168780067099 9.405313305954621E-9))	2
4	0	POLYGON ((0.25002250087384215 9.405313305954621E-9,0.31252812374097433 9.405313305954621E-9,0.31252812374097433 0.06250219477244551,0.25002250087384215 0.06250219477244551,0.25002250087384215 9.405313305954621E-9))	0
5	0	POLYGON ((0.31252812374097433 9.405313305954621E-9,0.3750337466081065 9.405313305954621E-9,0.3750337466081065 0.06250219477244551,0.31252812374097433 0.06250219477244551,0.31252812374097433 9.405313305954621E-9))	0
6	0	POLYGON ((0.3750337466081065 9.405313305954621E-9,0.4375393694752387 9.405313305954621E-9,0.4375393694752387 0.06250219477244551,0.3750337466081065 0.06250219477244551,0.3750337466081065 9.405313305954621E-9))	0
7	0	POLYGON ((0.4375393694752387 9.405313305954621E-9,0.5000449923423709 9.405313305954621E-9,0.5000449923423709 0.06250219477244551,0.4375393694752387 0.06250219477244551,0.4375393694752387 9.405313305954621E-9))	0
8	0	POLYGON ((0.5000449923423709 9.405313305954621E-9,0.5625506152095031 9.405313305954621E-9,0.5625506152095031 0.06250219477244551,0.5000449923423709 0.06250219477244551,0.5000449923423709 9.405313305954621E-9))	0
9	0	POLYGON ((0.5625506152095031 9.405313305954621E-9,0.6250562380766354 9.405313305954621E-9,0.6250562380766354 0.06250219477244551,0.5625506152095031 0.06250219477244551,0.5625506152095031 9.405313305954621E-9))	0
10	0	POLYGON ((0.6250562380766354 9.405313305954621E-9,0.6875618609437675 9.405313305954621E-9,0.6875618609437675 0.06250219477244551,0.6250562380766354 0.06250219477244551,0.6250562380766354 9.405313305954621E-9))	0
11	0	POLYGON ((0.6875618609437675 9.405313305954621E-9,0.7500674838108997 9.405313305954621E-9,0.7500674838108997 0.06250219477244551,0.6875618609437675 0.06250219477244551,0.6875618609437675 9.405313305954621E-9))	0
12	0	POLYGON ((0.7500674838108997 9.405313305954621E-9,0.812573106678032 9.405313305954621E-9,0.812573106678032 0.06250219477244551,0.7500674838108997 0.06250219477244551,0.7500674838108997 9.405313305954621E-9))	0
13	0	POLYGON ((0.812573106678032 9.405313305954621E-9,0.8750787295451641 9.405313305954621E-9,0.8750787295451641 0.06250219477244551,0.812573106678032 0.06250219477244551,0.812573106678032 9.405313305954621E-9))	0
14	0	POLYGON ((0.8750787295451641 9.405313305954621E-9,0.9375843524122964 9.405313305954621E-9,0.9375843524122964 0.06250219477244551,0.8750787295451641 0.06250219477244551,0.8750787295451641 9.405313305954621E-9))	0
15	0	POLYGON ((0.9375843524122964 9.405313305954621E-9,1.0000899752794286 9.405313305954621E-9,1.0000899752794286 0.06250219477244551,0.9375843524122964 0.06250219477244551,0.9375843524122964 9.405313305954621E-9))	0
0	1	POLYGON ((9.405313305954621E-9 0.06250219477244551,0.06250563227244552 0.06250219477244551,0.06250563227244552 0.1250043801395777,9.405313305954621E-9 0.1250043801395777,9.405313305954621E-9 0.06250219477244551))	96989
1	1	POLYGON ((0.06250563227244552 0.06250219477244551,0.12501125513957773 0.06250219477244551,0.12501125513957773 0.1250043801395777,0.06250563227244552 0.1250043801395777,0.06250563227244552 0.06250219477244551))	934121
2	1	POLYGON ((0.12501125513957773 0.06250219477244551,0.1875168780067099 0.06250219477244551,0.1875168780067099 0.1250043801395777,0.12501125513957773 0.1250043801395777,0.12501125513957773 0.06250219477244551))	97140
3	1	POLYGON ((0.1875168780067099 0.06250219477244551,0.25002250087384215 0.06250219477244551,0.25002250087384215 0.1250043801395777,0.1875168780067099 0.1250043801395777,0.1875168780067099 0.06250219477244551))	2087
4	1	POLYGON ((0.25002250087384215 0.06250219477244551,0.31252812374097433 0.06250219477244551,0.31252812374097433 0.1250043801395777,0.25002250087384215 0.1250043801395777,0.25002250087384215 0.06250219477244551))	2
5	1	POLYGON ((0.31252812374097433 0.06250219477244551,0.3750337466081065 0.06250219477244551,0.3750337466081065 0.1250043801395777,0.31252812374097433 0.1250043801395777,0.31252812374097433 0.06250219477244551))	0
6	1	POLYGON ((0.3750337466081065 0.06250219477244551,0.4375393694752387 0.06250219477244551,0.4375393694752387 0.1250043801395777,0.3750337466081065 0.1250043801395777,0.3750337466081065 0.06250219477244551))	0
7	1	POLYGON ((0.4375393694752387 0.06250219477244551,0.5000449923423709 0.06250219477244551,0.5000449923423709 0.1250043801395777,0.4375393694752387 0.1250043801395777,0.4375393694752387 0.06250219477244551))	0
8	1	POLYGON ((0.5000449923423709 0.06250219477244551,0.5625506152095031 0.06250219477244551,0.5625506152095031 0.1250043801395777,0.5000449923423709 0.1250043801395777,0.5000449923423709 0.06250219477244551))	0
9	1	POLYGON ((0.5625506152095031 0.06250219477244551,0.6250562380766354 0.06250219477244551,0.6250562380766354 0.1250043801395777,0.5625506152095031 0.1250043801395777,0.5625506152095031 0.06250219477244551))	0
10	1	POLYGON ((0.6250562380766354 0.06250219477244551,0.6875618609437675 0.06250219477244551,0.6875618609437675 0.1250043801395777,0.6250562380766354 0.1250043801395777,0.6250562380766354 0.06250219477244551))	0
11	1	POLYGON ((0.6875618609437675 0.06250219477244551,0.7500674838108997 0.06250219477244551,0.7500674838108997 0.1250043801395777,0.6875618609437675 0.1250043801395777,0.6875618609437675 0.06250219477244551))	0
12	1	POLYGON ((0.7500674838108997 0.06250219477244551,0.812573106678032 0.06250219477244551,0.812573106678032 0.1250043801395777,0.7500674838108997 0.1250043801395777,0.7500674838108997 0.06250219477244551))	0
13	1	POLYGON ((0.812573106678032 0.06250219477244551,0.8750787295451641 0.06250219477244551,0.8750787295451641 0.1250043801395777,0.812573106678032 0.1250043801395777,0.812573106678032 0.06250219477244551))	0
14	1	POLYGON ((0.8750787295451641 0.06250219477244551,0.9375843524122964 0.06250219477244551,0.9375843524122964 0.1250043801395777,0.8750787295451641 0.1250043801395777,0.8750787295451641 0.06250219477244551))	0
15	1	POLYGON ((0.9375843524122964 0.06250219477244551,1.0000899752794286 0.06250219477244551,1.0000899752794286 0.1250043801395777,0.9375843524122964 0.1250043801395777,0.9375843524122964 0.06250219477244551))	0
0	2	POLYGON ((9.405313305954621E-9 0.1250043801395777,0.06250563227244552 0.1250043801395777,0.06250563227244552 0.18750656550670994,9.405313305954621E-9 0.18750656550670994,9.405313305954621E-9 0.1250043801395777))	2126
1	2	POLYGON ((0.06250563227244552 0.1250043801395777,0.12501125513957773 0.1250043801395777,0.12501125513957773 0.18750656550670994,0.06250563227244552 0.18750656550670994,0.06250563227244552 0.1250043801395777))	97213
2	2	POLYGON ((0.12501125513957773 0.1250043801395777,0.1875168780067099 0.1250043801395777,0.1875168780067099 0.18750656550670994,0.12501125513957773 0.18750656550670994,0.12501125513957773 0.1250043801395777))	934379
3	2	POLYGON ((0.1875168780067099 0.1250043801395777,0.25002250087384215 0.1250043801395777,0.25002250087384215 0.18750656550670994,0.1875168780067099 0.18750656550670994,0.1875168780067099 0.1250043801395777))	97140
4	2	POLYGON ((0.25002250087384215 0.1250043801395777,0.31252812374097433 0.1250043801395777,0.31252812374097433 0.18750656550670994,0.25002250087384215 0.18750656550670994,0.25002250087384215 0.1250043801395777))	2086
5	2	POLYGON ((0.31252812374097433 0.1250043801395777,0.3750337466081065 0.1250043801395777,0.3750337466081065 0.18750656550670994,0.31252812374097433 0.18750656550670994,0.31252812374097433 0.1250043801395777))	1
6	2	POLYGON ((0.3750337466081065 0.1250043801395777,0.4375393694752387 0.1250043801395777,0.4375393694752387 0.18750656550670994,0.3750337466081065 0.18750656550670994,0.3750337466081065 0.1250043801395777))	0
7	2	POLYGON ((0.4375393694752387 0.1250043801395777,0.5000449923423709 0.1250043801395777,0.5000449923423709 0.18750656550670994,0.4375393694752387 0.18750656550670994,0.4375393694752387 0.1250043801395777))	0
8	2	POLYGON ((0.5000449923423709 0.1250043801395777,0.5625506152095031 0.1250043801395777,0.5625506152095031 0.18750656550670994,0.5000449923423709 0.18750656550670994,0.5000449923423709 0.1250043801395777))	0
9	2	POLYGON ((0.5625506152095031 0.1250043801395777,0.6250562380766354 0.1250043801395777,0.6250562380766354 0.18750656550670994,0.5625506152095031 0.18750656550670994,0.5625506152095031 0.1250043801395777))	0
10	2	POLYGON ((0.6250562380766354 0.1250043801395777,0.6875618609437675 0.1250043801395777,0.6875618609437675 0.18750656550670994,0.6250562380766354 0.18750656550670994,0.6250562380766354 0.1250043801395777))	0
11	2	POLYGON ((0.6875618609437675 0.1250043801395777,0.7500674838108997 0.1250043801395777,0.7500674838108997 0.18750656550670994,0.6875618609437675 0.18750656550670994,0.6875618609437675 0.1250043801395777))	0
12	2	POLYGON ((0.7500674838108997 0.1250043801395777,0.812573106678032 0.1250043801395777,0.812573106678032 0.18750656550670994,0.7500674838108997 0.18750656550670994,0.7500674838108997 0.1250043801395777))	0
13	2	POLYGON ((0.812573106678032 0.1250043801395777,0.8750787295451641 0.1250043801395777,0.8750787295451641 0.18750656550670994,0.812573106678032 0.18750656550670994,0.812573106678032 0.1250043801395777))	0
14	2	POLYGON ((0.8750787295451641 0.1250043801395777,0.9375843524122964 0.1250043801395777,0.9375843524122964 0.18750656550670994,0.8750787295451641 0.18750656550670994,0.8750787295451641 0.1250043801395777))	0
15	2	POLYGON ((0.9375843524122964 0.1250043801395777,1.0000899752794286 0.1250043801395777,1.0000899752794286 0.18750656550670994,0.9375843524122964 0.18750656550670994,0.9375843524122964 0.1250043801395777))	0
0	3	POLYGON ((9.405313305954621E-9 0.18750656550670994,0.06250563227244552 0.18750656550670994,0.06250563227244552 0.2500087508738421,9.405313305954621E-9 0.2500087508738421,9.405313305954621E-9 0.18750656550670994))	2
1	3	POLYGON ((0.06250563227244552 0.18750656550670994,0.12501125513957773 0.18750656550670994,0.12501125513957773 0.2500087508738421,0.06250563227244552 0.2500087508738421,0.06250563227244552 0.18750656550670994))	2110
2	3	POLYGON ((0.12501125513957773 0.18750656550670994,0.1875168780067099 0.18750656550670994,0.1875168780067099 0.2500087508738421,0.12501125513957773 0.2500087508738421,0.12501125513957773 0.18750656550670994))	97413
3	3	POLYGON ((0.1875168780067099 0.18750656550670994,0.25002250087384215 0.18750656550670994,0.25002250087384215 0.2500087508738421,0.1875168780067099 0.2500087508738421,0.1875168780067099 0.18750656550670994))	933351
4	3	POLYGON ((0.25002250087384215 0.18750656550670994,0.31252812374097433 0.18750656550670994,0.31252812374097433 0.2500087508738421,0.25002250087384215 0.2500087508738421,0.25002250087384215 0.18750656550670994))	96548
5	3	POLYGON ((0.31252812374097433 0.18750656550670994,0.3750337466081065 0.18750656550670994,0.3750337466081065 0.2500087508738421,0.31252812374097433 0.2500087508738421,0.31252812374097433 0.18750656550670994))	2125
6	3	POLYGON ((0.3750337466081065 0.18750656550670994,0.4375393694752387 0.18750656550670994,0.4375393694752387 0.2500087508738421,0.3750337466081065 0.2500087508738421,0.3750337466081065 0.18750656550670994))	2
7	3	POLYGON ((0.4375393694752387 0.18750656550670994,0.5000449923423709 0.18750656550670994,0.5000449923423709 0.2500087508738421,0.4375393694752387 0.2500087508738421,0.4375393694752387 0.18750656550670994))	0
8	3	POLYGON ((0.5000449923423709 0.18750656550670994,0.5625506152095031 0.18750656550670994,0.5625506152095031 0.2500087508738421,0.5000449923423709 0.2500087508738421,0.5000449923423709 0.18750656550670994))	0
9	3	POLYGON ((0.5625506152095031 0.18750656550670994,0.6250562380766354 0.18750656550670994,0.6250562380766354 0.2500087508738421,0.5625506152095031 0.2500087508738421,0.5625506152095031 0.18750656550670994))	0
10	3	POLYGON ((0.6250562380766354 0.18750656550670994,0.6875618609437675 0.18750656550670994,0.6875618609437675 0.2500087508738421,0.6250562380766354 0.2500087508738421,0.6250562380766354 0.18750656550670994))	0
11	3	POLYGON ((0.6875618609437675 0.18750656550670994,0.7500674838108997 0.18750656550670994,0.7500674838108997 0.2500087508738421,0.6875618609437675 0.2500087508738421,0.6875618609437675 0.18750656550670994))	0
12	3	POLYGON ((0.7500674838108997 0.18750656550670994,0.812573106678032 0.18750656550670994,0.812573106678032 0.2500087508738421,0.7500674838108997 0.2500087508738421,0.7500674838108997 0.18750656550670994))	0
13	3	POLYGON ((0.812573106678032 0.18750656550670994,0.8750787295451641 0.18750656550670994,0.8750787295451641 0.2500087508738421,0.812573106678032 0.2500087508738421,0.812573106678032 0.18750656550670994))	0
14	3	POLYGON ((0.8750787295451641 0.18750656550670994,0.9375843524122964 0.18750656550670994,0.9375843524122964 0.2500087508738421,0.8750787295451641 0.2500087508738421,0.8750787295451641 0.18750656550670994))	0
15	3	POLYGON ((0.9375843524122964 0.18750656550670994,1.0000899752794286 0.18750656550670994,1.0000899752794286 0.2500087508738421,0.9375843524122964 0.2500087508738421,0.9375843524122964 0.18750656550670994))	0
0	4	POLYGON ((9.405313305954621E-9 0.2500087508738421,0.06250563227244552 0.2500087508738421,0.06250563227244552 0.3125109362409743,9.405313305954621E-9 0.3125109362409743,9.405313305954621E-9 0.2500087508738421))	0
1	4	POLYGON ((0.06250563227244552 0.2500087508738421,0.12501125513957773 0.2500087508738421,0.12501125513957773 0.3125109362409743,0.06250563227244552 0.3125109362409743,0.06250563227244552 0.2500087508738421))	4
2	4	POLYGON ((0.12501125513957773 0.2500087508738421,0.1875168780067099 0.2500087508738421,0.1875168780067099 0.3125109362409743,0.12501125513957773 0.3125109362409743,0.12501125513957773 0.2500087508738421))	2079
3	4	POLYGON ((0.1875168780067099 0.2500087508738421,0.25002250087384215 0.2500087508738421,0.25002250087384215 0.3125109362409743,0.1875168780067099 0.3125109362409743,0.1875168780067099 0.2500087508738421))	97313
4	4	POLYGON ((0.25002250087384215 0.2500087508738421,0.31252812374097433 0.2500087508738421,0.31252812374097433 0.3125109362409743,0.25002250087384215 0.3125109362409743,0.25002250087384215 0.2500087508738421))	934864
5	4	POLYGON ((0.31252812374097433 0.2500087508738421,0.3750337466081065 0.2500087508738421,0.3750337466081065 0.3125109362409743,0.31252812374097433 0.3125109362409743,0.31252812374097433 0.2500087508738421))	96955
6	4	POLYGON ((0.3750337466081065 0.2500087508738421,0.4375393694752387 0.2500087508738421,0.4375393694752387 0.3125109362409743,0.3750337466081065 0.3125109362409743,0.3750337466081065 0.2500087508738421))	2138
7	4	POLYGON ((0.4375393694752387 0.2500087508738421,0.5000449923423709 0.2500087508738421,0.5000449923423709 0.3125109362409743,0.4375393694752387 0.3125109362409743,0.4375393694752387 0.2500087508738421))	4
8	4	POLYGON ((0.5000449923423709 0.2500087508738421,0.5625506152095031 0.2500087508738421,0.5625506152095031 0.3125109362409743,0.5000449923423709 0.3125109362409743,0.5000449923423709 0.2500087508738421))	0
9	4	POLYGON ((0.5625506152095031 0.2500087508738421,0.6250562380766354 0.2500087508738421,0.6250562380766354 0.3125109362409743,0.5625506152095031 0.3125109362409743,0.5625506152095031 0.2500087508738421))	0
10	4	POLYGON ((0.6250562380766354 0.2500087508738421,0.6875618609437675 0.2500087508738421,0.6875618609437675 0.3125109362409743,0.6250562380766354 0.3125109362409743,0.6250562380766354 0.2500087508738421))	0
11	4	POLYGON ((0.6875618609437675 0.2500087508738421,0.7500674838108997 0.2500087508738421,0.7500674838108997 0.3125109362409743,0.6875618609437675 0.3125109362409743,0.6875618609437675 0.2500087508738421))	0
12	4	POLYGON ((0.7500674838108997 0.2500087508738421,0.812573106678032 0.2500087508738421,0.812573106678032 0.3125109362409743,0.7500674838108997 0.3125109362409743,0.7500674838108997 0.2500087508738421))	0
13	4	POLYGON ((0.812573106678032 0.2500087508738421,0.8750787295451641 0.2500087508738421,0.8750787295451641 0.3125109362409743,0.812573106678032 0.3125109362409743,0.812573106678032 0.2500087508738421))	0
14	4	POLYGON ((0.8750787295451641 0.2500087508738421,0.9375843524122964 0.2500087508738421,0.9375843524122964 0.3125109362409743,0.8750787295451641 0.3125109362409743,0.8750787295451641 0.2500087508738421))	0
15	4	POLYGON ((0.9375843524122964 0.2500087508738421,1.0000899752794286 0.2500087508738421,1.0000899752794286 0.3125109362409743,0.9375843524122964 0.3125109362409743,0.9375843524122964 0.2500087508738421))	0
0	5	POLYGON ((9.405313305954621E-9 0.3125109362409743,0.06250563227244552 0.3125109362409743,0.06250563227244552 0.37501312160810657,9.405313305954621E-9 0.37501312160810657,9.405313305954621E-9 0.3125109362409743))	0
1	5	POLYGON ((0.06250563227244552 0.3125109362409743,0.12501125513957773 0.3125109362409743,0.12501125513957773 0.37501312160810657,0.06250563227244552 0.37501312160810657,0.06250563227244552 0.3125109362409743))	0
2	5	POLYGON ((0.12501125513957773 0.3125109362409743,0.1875168780067099 0.3125109362409743,0.1875168780067099 0.37501312160810657,0.12501125513957773 0.37501312160810657,0.12501125513957773 0.3125109362409743))	0
3	5	POLYGON ((0.1875168780067099 0.3125109362409743,0.25002250087384215 0.3125109362409743,0.25002250087384215 0.37501312160810657,0.1875168780067099 0.37501312160810657,0.1875168780067099 0.3125109362409743))	2146
4	5	POLYGON ((0.25002250087384215 0.3125109362409743,0.31252812374097433 0.3125109362409743,0.31252812374097433 0.37501312160810657,0.25002250087384215 0.37501312160810657,0.25002250087384215 0.3125109362409743))	96569
5	5	POLYGON ((0.31252812374097433 0.3125109362409743,0.3750337466081065 0.3125109362409743,0.3750337466081065 0.37501312160810657,0.31252812374097433 0.37501312160810657,0.31252812374097433 0.3125109362409743))	932832
6	5	POLYGON ((0.3750337466081065 0.3125109362409743,0.4375393694752387 0.3125109362409743,0.4375393694752387 0.37501312160810657,0.3750337466081065 0.37501312160810657,0.3750337466081065 0.3125109362409743))	96926
7	5	POLYGON ((0.4375393694752387 0.3125109362409743,0.5000449923423709 0.3125109362409743,0.5000449923423709 0.37501312160810657,0.4375393694752387 0.37501312160810657,0.4375393694752387 0.3125109362409743))	2078
8	5	POLYGON ((0.5000449923423709 0.3125109362409743,0.5625506152095031 0.3125109362409743,0.5625506152095031 0.37501312160810657,0.5000449923423709 0.37501312160810657,0.5000449923423709 0.3125109362409743))	2
9	5	POLYGON ((0.5625506152095031 0.3125109362409743,0.6250562380766354 0.3125109362409743,0.6250562380766354 0.37501312160810657,0.5625506152095031 0.37501312160810657,0.5625506152095031 0.3125109362409743))	0
10	5	POLYGON ((0.6250562380766354 0.3125109362409743,0.6875618609437675 0.3125109362409743,0.6875618609437675 0.37501312160810657,0.6250562380766354 0.37501312160810657,0.6250562380766354 0.3125109362409743))	0
11	5	POLYGON ((0.6875618609437675 0.3125109362409743,0.7500674838108997 0.3125109362409743,0.7500674838108997 0.37501312160810657,0.6875618609437675 0.37501312160810657,0.6875618609437675 0.3125109362409743))	0
12	5	POLYGON ((0.7500674838108997 0.3125109362409743,0.812573106678032 0.3125109362409743,0.812573106678032 0.37501312160810657,0.7500674838108997 0.37501312160810657,0.7500674838108997 0.3125109362409743))	0
13	5	POLYGON ((0.812573106678032 0.3125109362409743,0.8750787295451641 0.3125109362409743,0.8750787295451641 0.37501312160810657,0.812573106678032 0.37501312160810657,0.812573106678032 0.3125109362409743))	0
14	5	POLYGON ((0.8750787295451641 0.3125109362409743,0.9375843524122964 0.3125109362409743,0.9375843524122964 0.37501312160810657,0.8750787295451641 0.37501312160810657,0.8750787295451641 0.3125109362409743))	0
15	5	POLYGON ((0.9375843524122964 0.3125109362409743,1.0000899752794286 0.3125109362409743,1.0000899752794286 0.37501312160810657,0.9375843524122964 0.37501312160810657,0.9375843524122964 0.3125109362409743))	0
0	6	POLYGON ((9.405313305954621E-9 0.37501312160810657,0.06250563227244552 0.37501312160810657,0.06250563227244552 0.43751530697523877,9.405313305954621E-9 0.43751530697523877,9.405313305954621E-9 0.37501312160810657))	0
1	6	POLYGON ((0.06250563227244552 0.37501312160810657,0.12501125513957773 0.37501312160810657,0.12501125513957773 0.43751530697523877,0.06250563227244552 0.43751530697523877,0.06250563227244552 0.37501312160810657))	0
2	6	POLYGON ((0.12501125513957773 0.37501312160810657,0.1875168780067099 0.37501312160810657,0.1875168780067099 0.43751530697523877,0.12501125513957773 0.43751530697523877,0.12501125513957773 0.37501312160810657))	0
3	6	POLYGON ((0.1875168780067099 0.37501312160810657,0.25002250087384215 0.37501312160810657,0.25002250087384215 0.43751530697523877,0.1875168780067099 0.43751530697523877,0.1875168780067099 0.37501312160810657))	1
4	6	POLYGON ((0.25002250087384215 0.37501312160810657,0.31252812374097433 0.37501312160810657,0.31252812374097433 0.43751530697523877,0.25002250087384215 0.43751530697523877,0.25002250087384215 0.37501312160810657))	2013
5	6	POLYGON ((0.31252812374097433 0.37501312160810657,0.3750337466081065 0.37501312160810657,0.3750337466081065 0.43751530697523877,0.31252812374097433 0.43751530697523877,0.31252812374097433 0.37501312160810657))	97219
6	6	POLYGON ((0.3750337466081065 0.37501312160810657,0.4375393694752387 0.37501312160810657,0.4375393694752387 0.43751530697523877,0.3750337466081065 0.43751530697523877,0.3750337466081065 0.37501312160810657))	935255
7	6	POLYGON ((0.4375393694752387 0.37501312160810657,0.5000449923423709 0.37501312160810657,0.5000449923423709 0.43751530697523877,0.4375393694752387 0.43751530697523877,0.4375393694752387 0.37501312160810657))	97411
8	6	POLYGON ((0.5000449923423709 0.37501312160810657,0.5625506152095031 0.37501312160810657,0.5625506152095031 0.43751530697523877,0.5000449923423709 0.43751530697523877,0.5000449923423709 0.37501312160810657))	2140
9	6	POLYGON ((0.5625506152095031 0.37501312160810657,0.6250562380766354 0.37501312160810657,0.6250562380766354 0.43751530697523877,0.5625506152095031 0.43751530697523877,0.5625506152095031 0.37501312160810657))	1
10	6	POLYGON ((0.6250562380766354 0.37501312160810657,0.6875618609437675 0.37501312160810657,0.6875618609437675 0.43751530697523877,0.6250562380766354 0.43751530697523877,0.6250562380766354 0.37501312160810657))	0
11	6	POLYGON ((0.6875618609437675 0.37501312160810657,0.7500674838108997 0.37501312160810657,0.7500674838108997 0.43751530697523877,0.6875618609437675 0.43751530697523877,0.6875618609437675 0.37501312160810657))	0
12	6	POLYGON ((0.7500674838108997 0.37501312160810657,0.812573106678032 0.37501312160810657,0.812573106678032 0.43751530697523877,0.7500674838108997 0.43751530697523877,0.7500674838108997 0.37501312160810657))	0
13	6	POLYGON ((0.812573106678032 0.37501312160810657,0.8750787295451641 0.37501312160810657,0.8750787295451641 0.43751530697523877,0.812573106678032 0.43751530697523877,0.812573106678032 0.37501312160810657))	0
14	6	POLYGON ((0.8750787295451641 0.37501312160810657,0.9375843524122964 0.37501312160810657,0.9375843524122964 0.43751530697523877,0.8750787295451641 0.43751530697523877,0.8750787295451641 0.37501312160810657))	0
15	6	POLYGON ((0.9375843524122964 0.37501312160810657,1.0000899752794286 0.37501312160810657,1.0000899752794286 0.43751530697523877,0.9375843524122964 0.43751530697523877,0.9375843524122964 0.37501312160810657))	0
0	7	POLYGON ((9.405313305954621E-9 0.43751530697523877,0.06250563227244552 0.43751530697523877,0.06250563227244552 0.500017492342371,9.405313305954621E-9 0.500017492342371,9.405313305954621E-9 0.43751530697523877))	0
1	7	POLYGON ((0.06250563227244552 0.43751530697523877,0.12501125513957773 0.43751530697523877,0.12501125513957773 0.500017492342371,0.06250563227244552 0.500017492342371,0.06250563227244552 0.43751530697523877))	0
2	7	POLYGON ((0.12501125513957773 0.43751530697523877,0.1875168780067099 0.43751530697523877,0.1875168780067099 0.500017492342371,0.12501125513957773 0.500017492342371,0.12501125513957773 0.43751530697523877))	0
3	7	POLYGON ((0.1875168780067099 0.43751530697523877,0.25002250087384215 0.43751530697523877,0.25002250087384215 0.500017492342371,0.1875168780067099 0.500017492342371,0.1875168780067099 0.43751530697523877))	0
4	7	POLYGON ((0.25002250087384215 0.43751530697523877,0.31252812374097433 0.43751530697523877,0.31252812374097433 0.500017492342371,0.25002250087384215 0.500017492342371,0.25002250087384215 0.43751530697523877))	1
5	7	POLYGON ((0.31252812374097433 0.43751530697523877,0.3750337466081065 0.43751530697523877,0.3750337466081065 0.500017492342371,0.31252812374097433 0.500017492342371,0.31252812374097433 0.43751530697523877))	2125
6	7	POLYGON ((0.3750337466081065 0.43751530697523877,0.4375393694752387 0.43751530697523877,0.4375393694752387 0.500017492342371,0.3750337466081065 0.500017492342371,0.3750337466081065 0.43751530697523877))	97184
7	7	POLYGON ((0.4375393694752387 0.43751530697523877,0.5000449923423709 0.43751530697523877,0.5000449923423709 0.500017492342371,0.4375393694752387 0.500017492342371,0.4375393694752387 0.43751530697523877))	935510
8	7	POLYGON ((0.5000449923423709 0.43751530697523877,0.5625506152095031 0.43751530697523877,0.5625506152095031 0.500017492342371,0.5000449923423709 0.500017492342371,0.5000449923423709 0.43751530697523877))	96978
9	7	POLYGON ((0.5625506152095031 0.43751530697523877,0.6250562380766354 0.43751530697523877,0.6250562380766354 0.500017492342371,0.5625506152095031 0.500017492342371,0.5625506152095031 0.43751530697523877))	2079
10	7	POLYGON ((0.6250562380766354 0.43751530697523877,0.6875618609437675 0.43751530697523877,0.6875618609437675 0.500017492342371,0.6250562380766354 0.500017492342371,0.6250562380766354 0.43751530697523877))	4
11	7	POLYGON ((0.6875618609437675 0.43751530697523877,0.7500674838108997 0.43751530697523877,0.7500674838108997 0.500017492342371,0.6875618609437675 0.500017492342371,0.6875618609437675 0.43751530697523877))	0
12	7	POLYGON ((0.7500674838108997 0.43751530697523877,0.812573106678032 0.43751530697523877,0.812573106678032 0.500017492342371,0.7500674838108997 0.500017492342371,0.7500674838108997 0.43751530697523877))	0
13	7	POLYGON ((0.812573106678032 0.43751530697523877,0.8750787295451641 0.43751530697523877,0.8750787295451641 0.500017492342371,0.812573106678032 0.500017492342371,0.812573106678032 0.43751530697523877))	0
14	7	POLYGON ((0.8750787295451641 0.43751530697523877,0.9375843524122964 0.43751530697523877,0.9375843524122964 0.500017492342371,0.8750787295451641 0.500017492342371,0.8750787295451641 0.43751530697523877))	0
15	7	POLYGON ((0.9375843524122964 0.43751530697523877,1.0000899752794286 0.43751530697523877,1.0000899752794286 0.500017492342371,0.9375843524122964 0.500017492342371,0.9375843524122964 0.43751530697523877))	0
0	8	POLYGON ((9.405313305954621E-9 0.500017492342371,0.06250563227244552 0.500017492342371,0.06250563227244552 0.5625196777095032,9.405313305954621E-9 0.5625196777095032,9.405313305954621E-9 0.500017492342371))	0
1	8	POLYGON ((0.06250563227244552 0.500017492342371,0.12501125513957773 0.500017492342371,0.12501125513957773 0.5625196777095032,0.06250563227244552 0.5625196777095032,0.06250563227244552 0.500017492342371))	0
2	8	POLYGON ((0.12501125513957773 0.500017492342371,0.1875168780067099 0.500017492342371,0.1875168780067099 0.5625196777095032,0.12501125513957773 0.5625196777095032,0.12501125513957773 0.500017492342371))	0
3	8	POLYGON ((0.1875168780067099 0.500017492342371,0.25002250087384215 0.500017492342371,0.25002250087384215 0.5625196777095032,0.1875168780067099 0.5625196777095032,0.1875168780067099 0.500017492342371))	0
4	8	POLYGON ((0.25002250087384215 0.500017492342371,0.31252812374097433 0.500017492342371,0.31252812374097433 0.5625196777095032,0.25002250087384215 0.5625196777095032,0.25002250087384215 0.500017492342371))	0
5	8	POLYGON ((0.31252812374097433 0.500017492342371,0.3750337466081065 0.500017492342371,0.3750337466081065 0.5625196777095032,0.31252812374097433 0.5625196777095032,0.31252812374097433 0.500017492342371))	0
6	8	POLYGON ((0.3750337466081065 0.500017492342371,0.4375393694752387 0.500017492342371,0.4375393694752387 0.5625196777095032,0.3750337466081065 0.5625196777095032,0.3750337466081065 0.500017492342371))	2152
7	8	POLYGON ((0.4375393694752387 0.500017492342371,0.5000449923423709 0.500017492342371,0.5000449923423709 0.5625196777095032,0.4375393694752387 0.5625196777095032,0.4375393694752387 0.500017492342371))	96889
8	8	POLYGON ((0.5000449923423709 0.500017492342371,0.5625506152095031 0.500017492342371,0.5625506152095031 0.5625196777095032,0.5000449923423709 0.5625196777095032,0.5000449923423709 0.500017492342371))	934750
9	8	POLYGON ((0.5625506152095031 0.500017492342371,0.6250562380766354 0.500017492342371,0.6250562380766354 0.5625196777095032,0.5625506152095031 0.5625196777095032,0.5625506152095031 0.500017492342371))	96525
10	8	POLYGON ((0.6250562380766354 0.500017492342371,0.6875618609437675 0.500017492342371,0.6875618609437675 0.5625196777095032,0.6250562380766354 0.5625196777095032,0.6250562380766354 0.500017492342371))	2099
11	8	POLYGON ((0.6875618609437675 0.500017492342371,0.7500674838108997 0.500017492342371,0.7500674838108997 0.5625196777095032,0.6875618609437675 0.5625196777095032,0.6875618609437675 0.500017492342371))	2
12	8	POLYGON ((0.7500674838108997 0.500017492342371,0.812573106678032 0.500017492342371,0.812573106678032 0.5625196777095032,0.7500674838108997 0.5625196777095032,0.7500674838108997 0.500017492342371))	0
13	8	POLYGON ((0.812573106678032 0.500017492342371,0.8750787295451641 0.500017492342371,0.8750787295451641 0.5625196777095032,0.812573106678032 0.5625196777095032,0.812573106678032 0.500017492342371))	0
14	8	POLYGON ((0.8750787295451641 0.500017492342371,0.9375843524122964 0.500017492342371,0.9375843524122964 0.5625196777095032,0.8750787295451641 0.5625196777095032,0.8750787295451641 0.500017492342371))	0
15	8	POLYGON ((0.9375843524122964 0.500017492342371,1.0000899752794286 0.500017492342371,1.0000899752794286 0.5625196777095032,0.9375843524122964 0.5625196777095032,0.9375843524122964 0.500017492342371))	0
0	9	POLYGON ((9.405313305954621E-9 0.5625196777095032,0.06250563227244552 0.5625196777095032,0.06250563227244552 0.6250218630766353,9.405313305954621E-9 0.6250218630766353,9.405313305954621E-9 0.5625196777095032))	0
1	9	POLYGON ((0.06250563227244552 0.5625196777095032,0.12501125513957773 0.5625196777095032,0.12501125513957773 0.6250218630766353,0.06250563227244552 0.6250218630766353,0.06250563227244552 0.5625196777095032))	0
2	9	POLYGON ((0.12501125513957773 0.5625196777095032,0.1875168780067099 0.5625196777095032,0.1875168780067099 0.6250218630766353,0.12501125513957773 0.6250218630766353,0.12501125513957773 0.5625196777095032))	0
3	9	POLYGON ((0.1875168780067099 0.5625196777095032,0.25002250087384215 0.5625196777095032,0.25002250087384215 0.6250218630766353,0.1875168780067099 0.6250218630766353,0.1875168780067099 0.5625196777095032))	0
4	9	POLYGON ((0.25002250087384215 0.5625196777095032,0.31252812374097433 0.5625196777095032,0.31252812374097433 0.6250218630766353,0.25002250087384215 0.6250218630766353,0.25002250087384215 0.5625196777095032))	0
5	9	POLYGON ((0.31252812374097433 0.5625196777095032,0.3750337466081065 0.5625196777095032,0.3750337466081065 0.6250218630766353,0.31252812374097433 0.6250218630766353,0.31252812374097433 0.5625196777095032))	0
6	9	POLYGON ((0.3750337466081065 0.5625196777095032,0.4375393694752387 0.5625196777095032,0.4375393694752387 0.6250218630766353,0.3750337466081065 0.6250218630766353,0.3750337466081065 0.5625196777095032))	1
7	9	POLYGON ((0.4375393694752387 0.5625196777095032,0.5000449923423709 0.5625196777095032,0.5000449923423709 0.6250218630766353,0.4375393694752387 0.6250218630766353,0.4375393694752387 0.5625196777095032))	2140
8	9	POLYGON ((0.5000449923423709 0.5625196777095032,0.5625506152095031 0.5625196777095032,0.5625506152095031 0.6250218630766353,0.5000449923423709 0.6250218630766353,0.5000449923423709 0.5625196777095032))	97104
9	9	POLYGON ((0.5625506152095031 0.5625196777095032,0.6250562380766354 0.5625196777095032,0.6250562380766354 0.6250218630766353,0.5625506152095031 0.6250218630766353,0.5625506152095031 0.5625196777095032))	932526
10	9	POLYGON ((0.6250562380766354 0.5625196777095032,0.6875618609437675 0.5625196777095032,0.6875618609437675 0.6250218630766353,0.6250562380766354 0.6250218630766353,0.6250562380766354 0.5625196777095032))	97021
11	9	POLYGON ((0.6875618609437675 0.5625196777095032,0.7500674838108997 0.5625196777095032,0.7500674838108997 0.6250218630766353,0.6875618609437675 0.6250218630766353,0.6875618609437675 0.5625196777095032))	2099
12	9	POLYGON ((0.7500674838108997 0.5625196777095032,0.812573106678032 0.5625196777095032,0.812573106678032 0.6250218630766353,0.7500674838108997 0.6250218630766353,0.7500674838108997 0.5625196777095032))	0
13	9	POLYGON ((0.812573106678032 0.5625196777095032,0.8750787295451641 0.5625196777095032,0.8750787295451641 0.6250218630766353,0.812573106678032 0.6250218630766353,0.812573106678032 0.5625196777095032))	0
14	9	POLYGON ((0.8750787295451641 0.5625196777095032,0.9375843524122964 0.5625196777095032,0.9375843524122964 0.6250218630766353,0.8750787295451641 0.6250218630766353,0.8750787295451641 0.5625196777095032))	0
15	9	POLYGON ((0.9375843524122964 0.5625196777095032,1.0000899752794286 0.5625196777095032,1.0000899752794286 0.6250218630766353,0.9375843524122964 0.6250218630766353,0.9375843524122964 0.5625196777095032))	0
0	10	POLYGON ((9.405313305954621E-9 0.6250218630766353,0.06250563227244552 0.6250218630766353,0.06250563227244552 0.6875240484437676,9.405313305954621E-9 0.6875240484437676,9.405313305954621E-9 0.6250218630766353))	0
1	10	POLYGON ((0.06250563227244552 0.6250218630766353,0.12501125513957773 0.6250218630766353,0.12501125513957773 0.6875240484437676,0.06250563227244552 0.6875240484437676,0.06250563227244552 0.6250218630766353))	0
2	10	POLYGON ((0.12501125513957773 0.6250218630766353,0.1875168780067099 0.6250218630766353,0.1875168780067099 0.6875240484437676,0.12501125513957773 0.6875240484437676,0.12501125513957773 0.6250218630766353))	0
3	10	POLYGON ((0.1875168780067099 0.6250218630766353,0.25002250087384215 0.6250218630766353,0.25002250087384215 0.6875240484437676,0.1875168780067099 0.6875240484437676,0.1875168780067099 0.6250218630766353))	0
4	10	POLYGON ((0.25002250087384215 0.6250218630766353,0.31252812374097433 0.6250218630766353,0.31252812374097433 0.6875240484437676,0.25002250087384215 0.6875240484437676,0.25002250087384215 0.6250218630766353))	0
5	10	POLYGON ((0.31252812374097433 0.6250218630766353,0.3750337466081065 0.6250218630766353,0.3750337466081065 0.6875240484437676,0.31252812374097433 0.6875240484437676,0.31252812374097433 0.6250218630766353))	0
6	10	POLYGON ((0.3750337466081065 0.6250218630766353,0.4375393694752387 0.6250218630766353,0.4375393694752387 0.6875240484437676,0.3750337466081065 0.6875240484437676,0.3750337466081065 0.6250218630766353))	0
7	10	POLYGON ((0.4375393694752387 0.6250218630766353,0.5000449923423709 0.6250218630766353,0.5000449923423709 0.6875240484437676,0.4375393694752387 0.6875240484437676,0.4375393694752387 0.6250218630766353))	2
8	10	POLYGON ((0.5000449923423709 0.6250218630766353,0.5625506152095031 0.6250218630766353,0.5625506152095031 0.6875240484437676,0.5000449923423709 0.6875240484437676,0.5000449923423709 0.6250218630766353))	2113
9	10	POLYGON ((0.5625506152095031 0.6250218630766353,0.6250562380766354 0.6250218630766353,0.6250562380766354 0.6875240484437676,0.5625506152095031 0.6875240484437676,0.5625506152095031 0.6250218630766353))	97147
10	10	POLYGON ((0.6250562380766354 0.6250218630766353,0.6875618609437675 0.6250218630766353,0.6875618609437675 0.6875240484437676,0.6250562380766354 0.6875240484437676,0.6250562380766354 0.6250218630766353))	933910
11	10	POLYGON ((0.6875618609437675 0.6250218630766353,0.7500674838108997 0.6250218630766353,0.7500674838108997 0.6875240484437676,0.6875618609437675 0.6875240484437676,0.6875618609437675 0.6250218630766353))	97098
12	10	POLYGON ((0.7500674838108997 0.6250218630766353,0.812573106678032 0.6250218630766353,0.812573106678032 0.6875240484437676,0.7500674838108997 0.6875240484437676,0.7500674838108997 0.6250218630766353))	2078
13	10	POLYGON ((0.812573106678032 0.6250218630766353,0.8750787295451641 0.6250218630766353,0.8750787295451641 0.6875240484437676,0.812573106678032 0.6875240484437676,0.812573106678032 0.6250218630766353))	0
14	10	POLYGON ((0.8750787295451641 0.6250218630766353,0.9375843524122964 0.6250218630766353,0.9375843524122964 0.6875240484437676,0.8750787295451641 0.6875240484437676,0.8750787295451641 0.6250218630766353))	0
15	10	POLYGON ((0.9375843524122964 0.6250218630766353,1.0000899752794286 0.6250218630766353,1.0000899752794286 0.6875240484437676,0.9375843524122964 0.6875240484437676,0.9375843524122964 0.6250218630766353))	0
0	11	POLYGON ((9.405313305954621E-9 0.6875240484437676,0.06250563227244552 0.6875240484437676,0.06250563227244552 0.7500262338108998,9.405313305954621E-9 0.7500262338108998,9.405313305954621E-9 0.6875240484437676))	0
1	11	POLYGON ((0.06250563227244552 0.6875240484437676,0.12501125513957773 0.6875240484437676,0.12501125513957773 0.7500262338108998,0.06250563227244552 0.7500262338108998,0.06250563227244552 0.6875240484437676))	0
2	11	POLYGON ((0.12501125513957773 0.6875240484437676,0.1875168780067099 0.6875240484437676,0.1875168780067099 0.7500262338108998,0.12501125513957773 0.7500262338108998,0.12501125513957773 0.6875240484437676))	0
3	11	POLYGON ((0.1875168780067099 0.6875240484437676,0.25002250087384215 0.6875240484437676,0.25002250087384215 0.7500262338108998,0.1875168780067099 0.7500262338108998,0.1875168780067099 0.6875240484437676))	0
4	11	POLYGON ((0.25002250087384215 0.6875240484437676,0.31252812374097433 0.6875240484437676,0.31252812374097433 0.7500262338108998,0.25002250087384215 0.7500262338108998,0.25002250087384215 0.6875240484437676))	0
5	11	POLYGON ((0.31252812374097433 0.6875240484437676,0.3750337466081065 0.6875240484437676,0.3750337466081065 0.7500262338108998,0.31252812374097433 0.7500262338108998,0.31252812374097433 0.6875240484437676))	0
6	11	POLYGON ((0.3750337466081065 0.6875240484437676,0.4375393694752387 0.6875240484437676,0.4375393694752387 0.7500262338108998,0.3750337466081065 0.7500262338108998,0.3750337466081065 0.6875240484437676))	0
7	11	POLYGON ((0.4375393694752387 0.6875240484437676,0.5000449923423709 0.6875240484437676,0.5000449923423709 0.7500262338108998,0.4375393694752387 0.7500262338108998,0.4375393694752387 0.6875240484437676))	0
8	11	POLYGON ((0.5000449923423709 0.6875240484437676,0.5625506152095031 0.6875240484437676,0.5625506152095031 0.7500262338108998,0.5000449923423709 0.7500262338108998,0.5000449923423709 0.6875240484437676))	1
9	11	POLYGON ((0.5625506152095031 0.6875240484437676,0.6250562380766354 0.6875240484437676,0.6250562380766354 0.7500262338108998,0.5625506152095031 0.7500262338108998,0.5625506152095031 0.6875240484437676))	2109
10	11	POLYGON ((0.6250562380766354 0.6875240484437676,0.6875618609437675 0.6875240484437676,0.6875618609437675 0.7500262338108998,0.6250562380766354 0.7500262338108998,0.6250562380766354 0.6875240484437676))	96736
11	11	POLYGON ((0.6875618609437675 0.6875240484437676,0.7500674838108997 0.6875240484437676,0.7500674838108997 0.7500262338108998,0.6875618609437675 0.7500262338108998,0.6875618609437675 0.6875240484437676))	934926
12	11	POLYGON ((0.7500674838108997 0.6875240484437676,0.812573106678032 0.6875240484437676,0.812573106678032 0.7500262338108998,0.7500674838108997 0.7500262338108998,0.7500674838108997 0.6875240484437676))	97114
13	11	POLYGON ((0.812573106678032 0.6875240484437676,0.8750787295451641 0.6875240484437676,0.8750787295451641 0.7500262338108998,0.812573106678032 0.7500262338108998,0.812573106678032 0.6875240484437676))	2139
14	11	POLYGON ((0.8750787295451641 0.6875240484437676,0.9375843524122964 0.6875240484437676,0.9375843524122964 0.7500262338108998,0.8750787295451641 0.7500262338108998,0.8750787295451641 0.6875240484437676))	2
15	11	POLYGON ((0.9375843524122964 0.6875240484437676,1.0000899752794286 0.6875240484437676,1.0000899752794286 0.7500262338108998,0.9375843524122964 0.7500262338108998,0.9375843524122964 0.6875240484437676))	0
0	12	POLYGON ((9.405313305954621E-9 0.7500262338108998,0.06250563227244552 0.7500262338108998,0.06250563227244552 0.812528419178032,9.405313305954621E-9 0.812528419178032,9.405313305954621E-9 0.7500262338108998))	0
1	12	POLYGON ((0.06250563227244552 0.7500262338108998,0.12501125513957773 0.7500262338108998,0.12501125513957773 0.812528419178032,0.06250563227244552 0.812528419178032,0.06250563227244552 0.7500262338108998))	0
2	12	POLYGON ((0.12501125513957773 0.7500262338108998,0.1875168780067099 0.7500262338108998,0.1875168780067099 0.812528419178032,0.12501125513957773 0.812528419178032,0.12501125513957773 0.7500262338108998))	0
3	12	POLYGON ((0.1875168780067099 0.7500262338108998,0.25002250087384215 0.7500262338108998,0.25002250087384215 0.812528419178032,0.1875168780067099 0.812528419178032,0.1875168780067099 0.7500262338108998))	0
4	12	POLYGON ((0.25002250087384215 0.7500262338108998,0.31252812374097433 0.7500262338108998,0.31252812374097433 0.812528419178032,0.25002250087384215 0.812528419178032,0.25002250087384215 0.7500262338108998))	0
5	12	POLYGON ((0.31252812374097433 0.7500262338108998,0.3750337466081065 0.7500262338108998,0.3750337466081065 0.812528419178032,0.31252812374097433 0.812528419178032,0.31252812374097433 0.7500262338108998))	0
6	12	POLYGON ((0.3750337466081065 0.7500262338108998,0.4375393694752387 0.7500262338108998,0.4375393694752387 0.812528419178032,0.3750337466081065 0.812528419178032,0.3750337466081065 0.7500262338108998))	0
7	12	POLYGON ((0.4375393694752387 0.7500262338108998,0.5000449923423709 0.7500262338108998,0.5000449923423709 0.812528419178032,0.4375393694752387 0.812528419178032,0.4375393694752387 0.7500262338108998))	0
8	12	POLYGON ((0.5000449923423709 0.7500262338108998,0.5625506152095031 0.7500262338108998,0.5625506152095031 0.812528419178032,0.5000449923423709 0.812528419178032,0.5000449923423709 0.7500262338108998))	0
9	12	POLYGON ((0.5625506152095031 0.7500262338108998,0.6250562380766354 0.7500262338108998,0.6250562380766354 0.812528419178032,0.5625506152095031 0.812528419178032,0.5625506152095031 0.7500262338108998))	1
10	12	POLYGON ((0.6250562380766354 0.7500262338108998,0.6875618609437675 0.7500262338108998,0.6875618609437675 0.812528419178032,0.6250562380766354 0.812528419178032,0.6250562380766354 0.7500262338108998))	2096
11	12	POLYGON ((0.6875618609437675 0.7500262338108998,0.7500674838108997 0.7500262338108998,0.7500674838108997 0.812528419178032,0.6875618609437675 0.812528419178032,0.6875618609437675 0.7500262338108998))	97192
12	12	POLYGON ((0.7500674838108997 0.7500262338108998,0.812573106678032 0.7500262338108998,0.812573106678032 0.812528419178032,0.7500674838108997 0.812528419178032,0.7500674838108997 0.7500262338108998))	934814
13	12	POLYGON ((0.812573106678032 0.7500262338108998,0.8750787295451641 0.7500262338108998,0.8750787295451641 0.812528419178032,0.812573106678032 0.812528419178032,0.812573106678032 0.7500262338108998))	96982
14	12	POLYGON ((0.8750787295451641 0.7500262338108998,0.9375843524122964 0.7500262338108998,0.9375843524122964 0.812528419178032,0.8750787295451641 0.812528419178032,0.8750787295451641 0.7500262338108998))	2063
15	12	POLYGON ((0.9375843524122964 0.7500262338108998,1.0000899752794286 0.7500262338108998,1.0000899752794286 0.812528419178032,0.9375843524122964 0.812528419178032,0.9375843524122964 0.7500262338108998))	0
0	13	POLYGON ((9.405313305954621E-9 0.812528419178032,0.06250563227244552 0.812528419178032,0.06250563227244552 0.8750306045451642,9.405313305954621E-9 0.8750306045451642,9.405313305954621E-9 0.812528419178032))	0
1	13	POLYGON ((0.06250563227244552 0.812528419178032,0.12501125513957773 0.812528419178032,0.12501125513957773 0.8750306045451642,0.06250563227244552 0.8750306045451642,0.06250563227244552 0.812528419178032))	0
2	13	POLYGON ((0.12501125513957773 0.812528419178032,0.1875168780067099 0.812528419178032,0.1875168780067099 0.8750306045451642,0.12501125513957773 0.8750306045451642,0.12501125513957773 0.812528419178032))	0
3	13	POLYGON ((0.1875168780067099 0.812528419178032,0.25002250087384215 0.812528419178032,0.25002250087384215 0.8750306045451642,0.1875168780067099 0.8750306045451642,0.1875168780067099 0.812528419178032))	0
4	13	POLYGON ((0.25002250087384215 0.812528419178032,0.31252812374097433 0.812528419178032,0.31252812374097433 0.8750306045451642,0.25002250087384215 0.8750306045451642,0.25002250087384215 0.812528419178032))	0
5	13	POLYGON ((0.31252812374097433 0.812528419178032,0.3750337466081065 0.812528419178032,0.3750337466081065 0.8750306045451642,0.31252812374097433 0.8750306045451642,0.31252812374097433 0.812528419178032))	0
6	13	POLYGON ((0.3750337466081065 0.812528419178032,0.4375393694752387 0.812528419178032,0.4375393694752387 0.8750306045451642,0.3750337466081065 0.8750306045451642,0.3750337466081065 0.812528419178032))	0
7	13	POLYGON ((0.4375393694752387 0.812528419178032,0.5000449923423709 0.812528419178032,0.5000449923423709 0.8750306045451642,0.4375393694752387 0.8750306045451642,0.4375393694752387 0.812528419178032))	0
8	13	POLYGON ((0.5000449923423709 0.812528419178032,0.5625506152095031 0.812528419178032,0.5625506152095031 0.8750306045451642,0.5000449923423709 0.8750306045451642,0.5000449923423709 0.812528419178032))	0
9	13	POLYGON ((0.5625506152095031 0.812528419178032,0.6250562380766354 0.812528419178032,0.6250562380766354 0.8750306045451642,0.5625506152095031 0.8750306045451642,0.5625506152095031 0.812528419178032))	0
10	13	POLYGON ((0.6250562380766354 0.812528419178032,0.6875618609437675 0.812528419178032,0.6875618609437675 0.8750306045451642,0.6250562380766354 0.8750306045451642,0.6250562380766354 0.812528419178032))	3
11	13	POLYGON ((0.6875618609437675 0.812528419178032,0.7500674838108997 0.812528419178032,0.7500674838108997 0.8750306045451642,0.6875618609437675 0.8750306045451642,0.6875618609437675 0.812528419178032))	2125
12	13	POLYGON ((0.7500674838108997 0.812528419178032,0.812573106678032 0.812528419178032,0.812573106678032 0.8750306045451642,0.7500674838108997 0.8750306045451642,0.7500674838108997 0.812528419178032))	96725
13	13	POLYGON ((0.812573106678032 0.812528419178032,0.8750787295451641 0.812528419178032,0.8750787295451641 0.8750306045451642,0.812573106678032 0.8750306045451642,0.812573106678032 0.812528419178032))	936591
14	13	POLYGON ((0.8750787295451641 0.812528419178032,0.9375843524122964 0.812528419178032,0.9375843524122964 0.8750306045451642,0.8750787295451641 0.8750306045451642,0.8750787295451641 0.812528419178032))	96955
15	13	POLYGON ((0.9375843524122964 0.812528419178032,1.0000899752794286 0.812528419178032,1.0000899752794286 0.8750306045451642,0.9375843524122964 0.8750306045451642,0.9375843524122964 0.812528419178032))	2118
0	14	POLYGON ((9.405313305954621E-9 0.8750306045451642,0.06250563227244552 0.8750306045451642,0.06250563227244552 0.9375327899122965,9.405313305954621E-9 0.9375327899122965,9.405313305954621E-9 0.8750306045451642))	0
1	14	POLYGON ((0.06250563227244552 0.8750306045451642,0.12501125513957773 0.8750306045451642,0.12501125513957773 0.9375327899122965,0.06250563227244552 0.9375327899122965,0.06250563227244552 0.8750306045451642))	0
2	14	POLYGON ((0.12501125513957773 0.8750306045451642,0.1875168780067099 0.8750306045451642,0.1875168780067099 0.9375327899122965,0.12501125513957773 0.9375327899122965,0.12501125513957773 0.8750306045451642))	0
3	14	POLYGON ((0.1875168780067099 0.8750306045451642,0.25002250087384215 0.8750306045451642,0.25002250087384215 0.9375327899122965,0.1875168780067099 0.9375327899122965,0.1875168780067099 0.8750306045451642))	0
4	14	POLYGON ((0.25002250087384215 0.8750306045451642,0.31252812374097433 0.8750306045451642,0.31252812374097433 0.9375327899122965,0.25002250087384215 0.9375327899122965,0.25002250087384215 0.8750306045451642))	0
5	14	POLYGON ((0.31252812374097433 0.8750306045451642,0.3750337466081065 0.8750306045451642,0.3750337466081065 0.9375327899122965,0.31252812374097433 0.9375327899122965,0.31252812374097433 0.8750306045451642))	0
6	14	POLYGON ((0.3750337466081065 0.8750306045451642,0.4375393694752387 0.8750306045451642,0.4375393694752387 0.9375327899122965,0.3750337466081065 0.9375327899122965,0.3750337466081065 0.8750306045451642))	0
7	14	POLYGON ((0.4375393694752387 0.8750306045451642,0.5000449923423709 0.8750306045451642,0.5000449923423709 0.9375327899122965,0.4375393694752387 0.9375327899122965,0.4375393694752387 0.8750306045451642))	0
8	14	POLYGON ((0.5000449923423709 0.8750306045451642,0.5625506152095031 0.8750306045451642,0.5625506152095031 0.9375327899122965,0.5000449923423709 0.9375327899122965,0.5000449923423709 0.8750306045451642))	0
9	14	POLYGON ((0.5625506152095031 0.8750306045451642,0.6250562380766354 0.8750306045451642,0.6250562380766354 0.9375327899122965,0.5625506152095031 0.9375327899122965,0.5625506152095031 0.8750306045451642))	0
10	14	POLYGON ((0.6250562380766354 0.8750306045451642,0.6875618609437675 0.8750306045451642,0.6875618609437675 0.9375327899122965,0.6250562380766354 0.9375327899122965,0.6250562380766354 0.8750306045451642))	0
11	14	POLYGON ((0.6875618609437675 0.8750306045451642,0.7500674838108997 0.8750306045451642,0.7500674838108997 0.9375327899122965,0.6875618609437675 0.9375327899122965,0.6875618609437675 0.8750306045451642))	4
12	14	POLYGON ((0.7500674838108997 0.8750306045451642,0.812573106678032 0.8750306045451642,0.812573106678032 0.9375327899122965,0.7500674838108997 0.9375327899122965,0.7500674838108997 0.8750306045451642))	2072
13	14	POLYGON ((0.812573106678032 0.8750306045451642,0.8750787295451641 0.8750306045451642,0.8750787295451641 0.9375327899122965,0.812573106678032 0.9375327899122965,0.812573106678032 0.8750306045451642))	97029
14	14	POLYGON ((0.8750787295451641 0.8750306045451642,0.9375843524122964 0.8750306045451642,0.9375843524122964 0.9375327899122965,0.8750787295451641 0.9375327899122965,0.8750787295451641 0.8750306045451642))	934679
15	14	POLYGON ((0.9375843524122964 0.8750306045451642,1.0000899752794286 0.8750306045451642,1.0000899752794286 0.9375327899122965,0.9375843524122964 0.9375327899122965,0.9375843524122964 0.8750306045451642))	96802
0	15	POLYGON ((9.405313305954621E-9 0.9375327899122965,0.06250563227244552 0.9375327899122965,0.06250563227244552 1.0000349752794286,9.405313305954621E-9 1.0000349752794286,9.405313305954621E-9 0.9375327899122965))	0
1	15	POLYGON ((0.06250563227244552 0.9375327899122965,0.12501125513957773 0.9375327899122965,0.12501125513957773 1.0000349752794286,0.06250563227244552 1.0000349752794286,0.06250563227244552 0.9375327899122965))	0
2	15	POLYGON ((0.12501125513957773 0.9375327899122965,0.1875168780067099 0.9375327899122965,0.1875168780067099 1.0000349752794286,0.12501125513957773 1.0000349752794286,0.12501125513957773 0.9375327899122965))	0
3	15	POLYGON ((0.1875168780067099 0.9375327899122965,0.25002250087384215 0.9375327899122965,0.25002250087384215 1.0000349752794286,0.1875168780067099 1.0000349752794286,0.1875168780067099 0.9375327899122965))	0
4	15	POLYGON ((0.25002250087384215 0.9375327899122965,0.31252812374097433 0.9375327899122965,0.31252812374097433 1.0000349752794286,0.25002250087384215 1.0000349752794286,0.25002250087384215 0.9375327899122965))	0
5	15	POLYGON ((0.31252812374097433 0.9375327899122965,0.3750337466081065 0.9375327899122965,0.3750337466081065 1.0000349752794286,0.31252812374097433 1.0000349752794286,0.31252812374097433 0.9375327899122965))	0
6	15	POLYGON ((0.3750337466081065 0.9375327899122965,0.4375393694752387 0.9375327899122965,0.4375393694752387 1.0000349752794286,0.3750337466081065 1.0000349752794286,0.3750337466081065 0.9375327899122965))	0
7	15	POLYGON ((0.4375393694752387 0.9375327899122965,0.5000449923423709 0.9375327899122965,0.5000449923423709 1.0000349752794286,0.4375393694752387 1.0000349752794286,0.4375393694752387 0.9375327899122965))	0
8	15	POLYGON ((0.5000449923423709 0.9375327899122965,0.5625506152095031 0.9375327899122965,0.5625506152095031 1.0000349752794286,0.5000449923423709 1.0000349752794286,0.5000449923423709 0.9375327899122965))	0
9	15	POLYGON ((0.5625506152095031 0.9375327899122965,0.6250562380766354 0.9375327899122965,0.6250562380766354 1.0000349752794286,0.5625506152095031 1.0000349752794286,0.5625506152095031 0.9375327899122965))	0
10	15	POLYGON ((0.6250562380766354 0.9375327899122965,0.6875618609437675 0.9375327899122965,0.6875618609437675 1.0000349752794286,0.6250562380766354 1.0000349752794286,0.6250562380766354 0.9375327899122965))	0
11	15	POLYGON ((0.6875618609437675 0.9375327899122965,0.7500674838108997 0.9375327899122965,0.7500674838108997 1.0000349752794286,0.6875618609437675 1.0000349752794286,0.6875618609437675 0.9375327899122965))	0
12	15	POLYGON ((0.7500674838108997 0.9375327899122965,0.812573106678032 0.9375327899122965,0.812573106678032 1.0000349752794286,0.7500674838108997 1.0000349752794286,0.7500674838108997 0.9375327899122965))	0
13	15	POLYGON ((0.812573106678032 0.9375327899122965,0.8750787295451641 0.9375327899122965,0.8750787295451641 1.0000349752794286,0.812573106678032 1.0000349752794286,0.812573106678032 0.9375327899122965))	2116
14	15	POLYGON ((0.8750787295451641 0.9375327899122965,0.9375843524122964 0.9375327899122965,0.9375843524122964 1.0000349752794286,0.8750787295451641 1.0000349752794286,0.8750787295451641 0.9375327899122965))	97210
15	15	POLYGON ((0.9375843524122964 0.9375327899122965,1.0000899752794286 0.9375327899122965,1.0000899752794286 1.0000349752794286,0.9375843524122964 1.0000349752794286,0.9375843524122964 0.9375327899122965))	933618
